date,country,genre_id,genre_name,chart_type,song_name,apple_music_id,rank,previous_rank,image_url,url,artist_name,album_name,duration_ms,release_date,isrc,content_rating,genre_names
2026-03-24,us,14,Pop,,The Fate of Ophelia,,14,,https://is1-ssl.mzstatic.com/image/thumb/Music211/v4/2d/46/e0/2d46e0bc-8ab9-85dd-4b56-ee6951351034/25UM1IM19577.rgb.jpg/300x300bb.jpg,,,,,,,,
2026-03-24,us,14,Pop,,Opalite,,23,,https://is1-ssl.mzstatic.com/image/thumb/Music211/v4/2d/46/e0/2d46e0bc-8ab9-85dd-4b56-ee6951351034/25UM1IM19577.rgb.jpg/300x300bb.jpg,,,,,,,,
2026-03-24,us,14,Pop,,Style,,49,,https://is1-ssl.mzstatic.com/image/thumb/Music221/v4/a7/98/d8/a798d867-344d-2bf2-fbfe-d2d1412dcef8/14UMDIM03793.rgb.jpg/300x300bb.jpg,,,,,,,,
2026-03-24,us,14,Pop,,Elizabeth Taylor,,50,,https://is1-ssl.mzstatic.com/image/thumb/Music211/v4/2d/46/e0/2d46e0bc-8ab9-85dd-4b56-ee6951351034/25UM1IM19577.rgb.jpg/300x300bb.jpg,,,,,,,,
2026-03-24,us,14,Pop,,Cruel Summer,,68,,https://is1-ssl.mzstatic.com/image/thumb/Music125/v4/49/3d/ab/493dab54-f920-9043-6181-80993b8116c9/19UMGIM53909.rgb.jpg/300x300bb.jpg,,,,,,,,
2026-03-24,us,14,Pop,,Lover,,75,,https://is1-ssl.mzstatic.com/image/thumb/Music125/v4/49/3d/ab/493dab54-f920-9043-6181-80993b8116c9/19UMGIM53909.rgb.jpg/300x300bb.jpg,,,,,,,,
2026-03-24,fr,14,Pop,,The Fate of Ophelia,,4,,https://is1-ssl.mzstatic.com/image/thumb/Music211/v4/2d/46/e0/2d46e0bc-8ab9-85dd-4b56-ee6951351034/25UM1IM19577.rgb.jpg/300x300bb.jpg,,,,,,,,
2026-03-24,fr,14,Pop,,Opalite,,30,,https://is1-ssl.mzstatic.com/image/thumb/Music211/v4/2d/46/e0/2d46e0bc-8ab9-85dd-4b56-ee6951351034/25UM1IM19577.rgb.jpg/300x300bb.jpg,,,,,,,,
2026-03-24,gb,14,Pop,,The Fate of Ophelia,,11,,https://is1-ssl.mzstatic.com/image/thumb/Music211/v4/2d/46/e0/2d46e0bc-8ab9-85dd-4b56-ee6951351034/25UM1IM19577.rgb.jpg/300x300bb.jpg,,,,,,,,
2026-03-24,gb,14,Pop,,Opalite,,18,,https://is1-ssl.mzstatic.com/image/thumb/Music211/v4/2d/46/e0/2d46e0bc-8ab9-85dd-4b56-ee6951351034/25UM1IM19577.rgb.jpg/300x300bb.jpg,,,,,,,,
2026-03-24,gb,14,Pop,,Elizabeth Taylor,,55,,https://is1-ssl.mzstatic.com/image/thumb/Music211/v4/2d/46/e0/2d46e0bc-8ab9-85dd-4b56-ee6951351034/25UM1IM19577.rgb.jpg/300x300bb.jpg,,,,,,,,
2026-03-24,gb,14,Pop,,Cruel Summer,,60,,https://is1-ssl.mzstatic.com/image/thumb/Music125/v4/49/3d/ab/493dab54-f920-9043-6181-80993b8116c9/19UMGIM53909.rgb.jpg/300x300bb.jpg,,,,,,,,
2026-03-24,gb,6,Country,,Love Story,,8,,https://is1-ssl.mzstatic.com/image/thumb/Music211/v4/9a/5b/4f/9a5b4f88-ef7e-093c-48bd-ce3fb72fa7dc/09UMGIM38836.rgb.jpg/300x300bb.jpg,,,,,,,,
2026-03-24,gb,6,Country,,You Belong With Me,,65,,https://is1-ssl.mzstatic.com/image/thumb/Music221/v4/cb/6e/a7/cb6ea70a-6cb8-89a0-4da7-91e2d04a7bba/08PNDIM05386.rgb.jpg/300x300bb.jpg,,,,,,,,
2026-03-24,gb,6,Country,,Love Story (Taylor's Version),,79,,https://is1-ssl.mzstatic.com/image/thumb/Music125/v4/c3/d0/1c/c3d01c88-73e7-187e-fd62-e1744de979a6/21UMGIM09915.rgb.jpg/300x300bb.jpg,,,,,,,,
2026-03-24,gb,6,Country,,You Belong With Me (Taylor's Version),,97,,https://is1-ssl.mzstatic.com/image/thumb/Music125/v4/c3/d0/1c/c3d01c88-73e7-187e-fd62-e1744de979a6/21UMGIM09915.rgb.jpg/300x300bb.jpg,,,,,,,,
2026-03-24,de,14,Pop,,The Fate of Ophelia,,3,,https://is1-ssl.mzstatic.com/image/thumb/Music211/v4/2d/46/e0/2d46e0bc-8ab9-85dd-4b56-ee6951351034/25UM1IM19577.rgb.jpg/300x300bb.jpg,,,,,,,,
2026-03-24,de,14,Pop,,Opalite,,13,,https://is1-ssl.mzstatic.com/image/thumb/Music211/v4/2d/46/e0/2d46e0bc-8ab9-85dd-4b56-ee6951351034/25UM1IM19577.rgb.jpg/300x300bb.jpg,,,,,,,,
2026-03-24,de,14,Pop,,Cruel Summer,,70,,https://is1-ssl.mzstatic.com/image/thumb/Music125/v4/49/3d/ab/493dab54-f920-9043-6181-80993b8116c9/19UMGIM53909.rgb.jpg/300x300bb.jpg,,,,,,,,
2026-03-24,au,14,Pop,,The Fate of Ophelia,,4,,https://is1-ssl.mzstatic.com/image/thumb/Music211/v4/2d/46/e0/2d46e0bc-8ab9-85dd-4b56-ee6951351034/25UM1IM19577.rgb.jpg/300x300bb.jpg,,,,,,,,
2026-03-24,au,14,Pop,,Opalite,,11,,https://is1-ssl.mzstatic.com/image/thumb/Music211/v4/2d/46/e0/2d46e0bc-8ab9-85dd-4b56-ee6951351034/25UM1IM19577.rgb.jpg/300x300bb.jpg,,,,,,,,
2026-03-24,au,14,Pop,,Cruel Summer,,38,,https://is1-ssl.mzstatic.com/image/thumb/Music125/v4/49/3d/ab/493dab54-f920-9043-6181-80993b8116c9/19UMGIM53909.rgb.jpg/300x300bb.jpg,,,,,,,,
2026-03-24,au,14,Pop,,Elizabeth Taylor,,43,,https://is1-ssl.mzstatic.com/image/thumb/Music211/v4/2d/46/e0/2d46e0bc-8ab9-85dd-4b56-ee6951351034/25UM1IM19577.rgb.jpg/300x300bb.jpg,,,,,,,,
2026-03-24,au,14,Pop,,Lover,,76,,https://is1-ssl.mzstatic.com/image/thumb/Music125/v4/49/3d/ab/493dab54-f920-9043-6181-80993b8116c9/19UMGIM53909.rgb.jpg/300x300bb.jpg,,,,,,,,
2026-03-24,au,14,Pop,,You Need To Calm Down,,100,,https://is1-ssl.mzstatic.com/image/thumb/Music125/v4/49/3d/ab/493dab54-f920-9043-6181-80993b8116c9/19UMGIM53909.rgb.jpg/300x300bb.jpg,,,,,,,,
2026-03-24,au,6,Country,,Love Story,,63,,https://is1-ssl.mzstatic.com/image/thumb/Music211/v4/9a/5b/4f/9a5b4f88-ef7e-093c-48bd-ce3fb72fa7dc/09UMGIM38836.rgb.jpg/300x300bb.jpg,,,,,,,,
2026-03-25,us,14,Pop,,The Fate of Ophelia,,14,14,https://is1-ssl.mzstatic.com/image/thumb/Music211/v4/2d/46/e0/2d46e0bc-8ab9-85dd-4b56-ee6951351034/25UM1IM19577.rgb.jpg/300x300bb.jpg,,,,,,,,
2026-03-25,us,14,Pop,,Opalite,,23,23,https://is1-ssl.mzstatic.com/image/thumb/Music211/v4/2d/46/e0/2d46e0bc-8ab9-85dd-4b56-ee6951351034/25UM1IM19577.rgb.jpg/300x300bb.jpg,,,,,,,,
2026-03-25,us,14,Pop,,Style,,50,49,https://is1-ssl.mzstatic.com/image/thumb/Music221/v4/a7/98/d8/a798d867-344d-2bf2-fbfe-d2d1412dcef8/14UMDIM03793.rgb.jpg/300x300bb.jpg,,,,,,,,
2026-03-25,us,14,Pop,,Elizabeth Taylor,,57,50,https://is1-ssl.mzstatic.com/image/thumb/Music211/v4/2d/46/e0/2d46e0bc-8ab9-85dd-4b56-ee6951351034/25UM1IM19577.rgb.jpg/300x300bb.jpg,,,,,,,,
2026-03-25,us,14,Pop,,Cruel Summer,,75,68,https://is1-ssl.mzstatic.com/image/thumb/Music125/v4/49/3d/ab/493dab54-f920-9043-6181-80993b8116c9/19UMGIM53909.rgb.jpg/300x300bb.jpg,,,,,,,,
2026-03-25,us,14,Pop,,Lover,,96,75,https://is1-ssl.mzstatic.com/image/thumb/Music125/v4/49/3d/ab/493dab54-f920-9043-6181-80993b8116c9/19UMGIM53909.rgb.jpg/300x300bb.jpg,,,,,,,,
2026-03-25,fr,14,Pop,,The Fate of Ophelia,,4,4,https://is1-ssl.mzstatic.com/image/thumb/Music211/v4/2d/46/e0/2d46e0bc-8ab9-85dd-4b56-ee6951351034/25UM1IM19577.rgb.jpg/300x300bb.jpg,,,,,,,,
2026-03-25,fr,14,Pop,,Opalite,,31,30,https://is1-ssl.mzstatic.com/image/thumb/Music211/v4/2d/46/e0/2d46e0bc-8ab9-85dd-4b56-ee6951351034/25UM1IM19577.rgb.jpg/300x300bb.jpg,,,,,,,,
2026-03-25,gb,14,Pop,,The Fate of Ophelia,,11,11,https://is1-ssl.mzstatic.com/image/thumb/Music211/v4/2d/46/e0/2d46e0bc-8ab9-85dd-4b56-ee6951351034/25UM1IM19577.rgb.jpg/300x300bb.jpg,,,,,,,,
2026-03-25,gb,14,Pop,,Opalite,,19,18,https://is1-ssl.mzstatic.com/image/thumb/Music211/v4/2d/46/e0/2d46e0bc-8ab9-85dd-4b56-ee6951351034/25UM1IM19577.rgb.jpg/300x300bb.jpg,,,,,,,,
2026-03-25,gb,14,Pop,,Elizabeth Taylor,,60,55,https://is1-ssl.mzstatic.com/image/thumb/Music211/v4/2d/46/e0/2d46e0bc-8ab9-85dd-4b56-ee6951351034/25UM1IM19577.rgb.jpg/300x300bb.jpg,,,,,,,,
2026-03-25,gb,14,Pop,,Cruel Summer,,67,60,https://is1-ssl.mzstatic.com/image/thumb/Music125/v4/49/3d/ab/493dab54-f920-9043-6181-80993b8116c9/19UMGIM53909.rgb.jpg/300x300bb.jpg,,,,,,,,
2026-03-25,gb,6,Country,,Love Story,,8,8,https://is1-ssl.mzstatic.com/image/thumb/Music211/v4/9a/5b/4f/9a5b4f88-ef7e-093c-48bd-ce3fb72fa7dc/09UMGIM38836.rgb.jpg/300x300bb.jpg,,,,,,,,
2026-03-25,gb,6,Country,,You Belong With Me,,57,65,https://is1-ssl.mzstatic.com/image/thumb/Music221/v4/cb/6e/a7/cb6ea70a-6cb8-89a0-4da7-91e2d04a7bba/08PNDIM05386.rgb.jpg/300x300bb.jpg,,,,,,,,
2026-03-25,gb,6,Country,,Love Story (Taylor's Version),,83,79,https://is1-ssl.mzstatic.com/image/thumb/Music125/v4/c3/d0/1c/c3d01c88-73e7-187e-fd62-e1744de979a6/21UMGIM09915.rgb.jpg/300x300bb.jpg,,,,,,,,
2026-03-25,gb,6,Country,,You Belong With Me (Taylor's Version),,97,97,https://is1-ssl.mzstatic.com/image/thumb/Music125/v4/c3/d0/1c/c3d01c88-73e7-187e-fd62-e1744de979a6/21UMGIM09915.rgb.jpg/300x300bb.jpg,,,,,,,,
2026-03-25,de,14,Pop,,The Fate of Ophelia,,3,3,https://is1-ssl.mzstatic.com/image/thumb/Music211/v4/2d/46/e0/2d46e0bc-8ab9-85dd-4b56-ee6951351034/25UM1IM19577.rgb.jpg/300x300bb.jpg,,,,,,,,
2026-03-25,de,14,Pop,,Opalite,,16,13,https://is1-ssl.mzstatic.com/image/thumb/Music211/v4/2d/46/e0/2d46e0bc-8ab9-85dd-4b56-ee6951351034/25UM1IM19577.rgb.jpg/300x300bb.jpg,,,,,,,,
2026-03-25,de,14,Pop,,Cruel Summer,,74,70,https://is1-ssl.mzstatic.com/image/thumb/Music125/v4/49/3d/ab/493dab54-f920-9043-6181-80993b8116c9/19UMGIM53909.rgb.jpg/300x300bb.jpg,,,,,,,,
2026-03-25,au,14,Pop,,The Fate of Ophelia,,4,4,https://is1-ssl.mzstatic.com/image/thumb/Music211/v4/2d/46/e0/2d46e0bc-8ab9-85dd-4b56-ee6951351034/25UM1IM19577.rgb.jpg/300x300bb.jpg,,,,,,,,
2026-03-25,au,14,Pop,,Opalite,,9,11,https://is1-ssl.mzstatic.com/image/thumb/Music211/v4/2d/46/e0/2d46e0bc-8ab9-85dd-4b56-ee6951351034/25UM1IM19577.rgb.jpg/300x300bb.jpg,,,,,,,,
2026-03-25,au,14,Pop,,Elizabeth Taylor,,36,43,https://is1-ssl.mzstatic.com/image/thumb/Music211/v4/2d/46/e0/2d46e0bc-8ab9-85dd-4b56-ee6951351034/25UM1IM19577.rgb.jpg/300x300bb.jpg,,,,,,,,
2026-03-25,au,14,Pop,,Cruel Summer,,40,38,https://is1-ssl.mzstatic.com/image/thumb/Music125/v4/49/3d/ab/493dab54-f920-9043-6181-80993b8116c9/19UMGIM53909.rgb.jpg/300x300bb.jpg,,,,,,,,
2026-03-25,au,14,Pop,,Lover,,81,76,https://is1-ssl.mzstatic.com/image/thumb/Music125/v4/49/3d/ab/493dab54-f920-9043-6181-80993b8116c9/19UMGIM53909.rgb.jpg/300x300bb.jpg,,,,,,,,
2026-03-25,au,6,Country,,Love Story,,70,63,https://is1-ssl.mzstatic.com/image/thumb/Music211/v4/9a/5b/4f/9a5b4f88-ef7e-093c-48bd-ce3fb72fa7dc/09UMGIM38836.rgb.jpg/300x300bb.jpg,,,,,,,,
2026-03-26,us,14,Pop,,The Fate of Ophelia,,14,14,https://is1-ssl.mzstatic.com/image/thumb/Music211/v4/2d/46/e0/2d46e0bc-8ab9-85dd-4b56-ee6951351034/25UM1IM19577.rgb.jpg/300x300bb.jpg,,,,,,,,
2026-03-26,us,14,Pop,,Opalite,,22,23,https://is1-ssl.mzstatic.com/image/thumb/Music211/v4/2d/46/e0/2d46e0bc-8ab9-85dd-4b56-ee6951351034/25UM1IM19577.rgb.jpg/300x300bb.jpg,,,,,,,,
2026-03-26,us,14,Pop,,Style,,49,50,https://is1-ssl.mzstatic.com/image/thumb/Music221/v4/a7/98/d8/a798d867-344d-2bf2-fbfe-d2d1412dcef8/14UMDIM03793.rgb.jpg/300x300bb.jpg,,,,,,,,
2026-03-26,us,14,Pop,,Elizabeth Taylor,,58,57,https://is1-ssl.mzstatic.com/image/thumb/Music211/v4/2d/46/e0/2d46e0bc-8ab9-85dd-4b56-ee6951351034/25UM1IM19577.rgb.jpg/300x300bb.jpg,,,,,,,,
2026-03-26,us,14,Pop,,Cruel Summer,,86,75,https://is1-ssl.mzstatic.com/image/thumb/Music125/v4/49/3d/ab/493dab54-f920-9043-6181-80993b8116c9/19UMGIM53909.rgb.jpg/300x300bb.jpg,,,,,,,,
2026-03-26,fr,14,Pop,,The Fate of Ophelia,,3,4,https://is1-ssl.mzstatic.com/image/thumb/Music211/v4/2d/46/e0/2d46e0bc-8ab9-85dd-4b56-ee6951351034/25UM1IM19577.rgb.jpg/300x300bb.jpg,,,,,,,,
2026-03-26,fr,14,Pop,,Opalite,,26,31,https://is1-ssl.mzstatic.com/image/thumb/Music211/v4/2d/46/e0/2d46e0bc-8ab9-85dd-4b56-ee6951351034/25UM1IM19577.rgb.jpg/300x300bb.jpg,,,,,,,,
2026-03-26,gb,14,Pop,,The Fate of Ophelia,,11,11,https://is1-ssl.mzstatic.com/image/thumb/Music211/v4/2d/46/e0/2d46e0bc-8ab9-85dd-4b56-ee6951351034/25UM1IM19577.rgb.jpg/300x300bb.jpg,,,,,,,,
2026-03-26,gb,14,Pop,,Opalite,,18,19,https://is1-ssl.mzstatic.com/image/thumb/Music211/v4/2d/46/e0/2d46e0bc-8ab9-85dd-4b56-ee6951351034/25UM1IM19577.rgb.jpg/300x300bb.jpg,,,,,,,,
2026-03-26,gb,14,Pop,,Elizabeth Taylor,,50,60,https://is1-ssl.mzstatic.com/image/thumb/Music211/v4/2d/46/e0/2d46e0bc-8ab9-85dd-4b56-ee6951351034/25UM1IM19577.rgb.jpg/300x300bb.jpg,,,,,,,,
2026-03-26,gb,14,Pop,,Cruel Summer,,68,67,https://is1-ssl.mzstatic.com/image/thumb/Music125/v4/49/3d/ab/493dab54-f920-9043-6181-80993b8116c9/19UMGIM53909.rgb.jpg/300x300bb.jpg,,,,,,,,
2026-03-26,gb,6,Country,,Love Story,,8,8,https://is1-ssl.mzstatic.com/image/thumb/Music211/v4/9a/5b/4f/9a5b4f88-ef7e-093c-48bd-ce3fb72fa7dc/09UMGIM38836.rgb.jpg/300x300bb.jpg,,,,,,,,
2026-03-26,gb,6,Country,,You Belong With Me,,61,57,https://is1-ssl.mzstatic.com/image/thumb/Music221/v4/cb/6e/a7/cb6ea70a-6cb8-89a0-4da7-91e2d04a7bba/08PNDIM05386.rgb.jpg/300x300bb.jpg,,,,,,,,
2026-03-26,gb,6,Country,,Love Story (Taylor's Version),,79,83,https://is1-ssl.mzstatic.com/image/thumb/Music125/v4/c3/d0/1c/c3d01c88-73e7-187e-fd62-e1744de979a6/21UMGIM09915.rgb.jpg/300x300bb.jpg,,,,,,,,
2026-03-26,gb,6,Country,,You Belong With Me (Taylor's Version),,97,97,https://is1-ssl.mzstatic.com/image/thumb/Music125/v4/c3/d0/1c/c3d01c88-73e7-187e-fd62-e1744de979a6/21UMGIM09915.rgb.jpg/300x300bb.jpg,,,,,,,,
2026-03-26,de,14,Pop,,The Fate of Ophelia,,3,3,https://is1-ssl.mzstatic.com/image/thumb/Music211/v4/2d/46/e0/2d46e0bc-8ab9-85dd-4b56-ee6951351034/25UM1IM19577.rgb.jpg/300x300bb.jpg,,,,,,,,
2026-03-26,de,14,Pop,,Opalite,,12,16,https://is1-ssl.mzstatic.com/image/thumb/Music211/v4/2d/46/e0/2d46e0bc-8ab9-85dd-4b56-ee6951351034/25UM1IM19577.rgb.jpg/300x300bb.jpg,,,,,,,,
2026-03-26,de,14,Pop,,Cruel Summer,,75,74,https://is1-ssl.mzstatic.com/image/thumb/Music125/v4/49/3d/ab/493dab54-f920-9043-6181-80993b8116c9/19UMGIM53909.rgb.jpg/300x300bb.jpg,,,,,,,,
2026-03-26,au,14,Pop,,The Fate of Ophelia,,4,4,https://is1-ssl.mzstatic.com/image/thumb/Music211/v4/2d/46/e0/2d46e0bc-8ab9-85dd-4b56-ee6951351034/25UM1IM19577.rgb.jpg/300x300bb.jpg,,,,,,,,
2026-03-26,au,14,Pop,,Opalite,,10,9,https://is1-ssl.mzstatic.com/image/thumb/Music211/v4/2d/46/e0/2d46e0bc-8ab9-85dd-4b56-ee6951351034/25UM1IM19577.rgb.jpg/300x300bb.jpg,,,,,,,,
2026-03-26,au,14,Pop,,Elizabeth Taylor,,34,36,https://is1-ssl.mzstatic.com/image/thumb/Music211/v4/2d/46/e0/2d46e0bc-8ab9-85dd-4b56-ee6951351034/25UM1IM19577.rgb.jpg/300x300bb.jpg,,,,,,,,
2026-03-26,au,14,Pop,,Cruel Summer,,44,40,https://is1-ssl.mzstatic.com/image/thumb/Music125/v4/49/3d/ab/493dab54-f920-9043-6181-80993b8116c9/19UMGIM53909.rgb.jpg/300x300bb.jpg,,,,,,,,
2026-03-26,au,14,Pop,,Lover,,84,81,https://is1-ssl.mzstatic.com/image/thumb/Music125/v4/49/3d/ab/493dab54-f920-9043-6181-80993b8116c9/19UMGIM53909.rgb.jpg/300x300bb.jpg,,,,,,,,
2026-03-26,au,6,Country,,Love Story,,43,70,https://is1-ssl.mzstatic.com/image/thumb/Music211/v4/9a/5b/4f/9a5b4f88-ef7e-093c-48bd-ce3fb72fa7dc/09UMGIM38836.rgb.jpg/300x300bb.jpg,,,,,,,,
2026-03-27,us,14,Pop,genre,The Fate of Ophelia,1833328840,13,14,https://is1-ssl.mzstatic.com/image/thumb/Music211/v4/2d/46/e0/2d46e0bc-8ab9-85dd-4b56-ee6951351034/25UM1IM19577.rgb.jpg/300x300bb.jpg,https://music.apple.com/us/album/the-fate-of-ophelia/1833328839?i=1833328840,Taylor Swift,The Life of a Showgirl,,,,,
2026-03-27,us,14,Pop,genre,Opalite,1833328845,20,22,https://is1-ssl.mzstatic.com/image/thumb/Music211/v4/2d/46/e0/2d46e0bc-8ab9-85dd-4b56-ee6951351034/25UM1IM19577.rgb.jpg/300x300bb.jpg,https://music.apple.com/us/album/opalite/1833328839?i=1833328845,Taylor Swift,The Life of a Showgirl,,,,,
2026-03-27,us,14,Pop,genre,Style,1440933520,46,49,https://is1-ssl.mzstatic.com/image/thumb/Music221/v4/a7/98/d8/a798d867-344d-2bf2-fbfe-d2d1412dcef8/14UMDIM03793.rgb.jpg/300x300bb.jpg,https://music.apple.com/us/album/style/1440933512?i=1440933520,Taylor Swift,1989 (Deluxe Edition),,,,,
2026-03-27,us,14,Pop,genre,Elizabeth Taylor,1833328842,57,58,https://is1-ssl.mzstatic.com/image/thumb/Music211/v4/2d/46/e0/2d46e0bc-8ab9-85dd-4b56-ee6951351034/25UM1IM19577.rgb.jpg/300x300bb.jpg,https://music.apple.com/us/album/elizabeth-taylor/1833328839?i=1833328842,Taylor Swift,The Life of a Showgirl,,,,,
2026-03-27,us,14,Pop,genre,Cruel Summer,1468058171,90,86,https://is1-ssl.mzstatic.com/image/thumb/Music125/v4/49/3d/ab/493dab54-f920-9043-6181-80993b8116c9/19UMGIM53909.rgb.jpg/300x300bb.jpg,https://music.apple.com/us/album/cruel-summer/1468058165?i=1468058171,Taylor Swift,Lover,,,,,
2026-03-27,fr,14,Pop,genre,The Fate of Ophelia,1833328840,3,3,https://is1-ssl.mzstatic.com/image/thumb/Music211/v4/2d/46/e0/2d46e0bc-8ab9-85dd-4b56-ee6951351034/25UM1IM19577.rgb.jpg/300x300bb.jpg,https://music.apple.com/fr/album/the-fate-of-ophelia/1833328839?i=1833328840,Taylor Swift,The Life of a Showgirl,,,,,
2026-03-27,fr,14,Pop,genre,Opalite,1833328845,29,26,https://is1-ssl.mzstatic.com/image/thumb/Music211/v4/2d/46/e0/2d46e0bc-8ab9-85dd-4b56-ee6951351034/25UM1IM19577.rgb.jpg/300x300bb.jpg,https://music.apple.com/fr/album/opalite/1833328839?i=1833328845,Taylor Swift,The Life of a Showgirl,,,,,
2026-03-27,gb,14,Pop,genre,The Fate of Ophelia,1833328840,10,11,https://is1-ssl.mzstatic.com/image/thumb/Music211/v4/2d/46/e0/2d46e0bc-8ab9-85dd-4b56-ee6951351034/25UM1IM19577.rgb.jpg/300x300bb.jpg,https://music.apple.com/gb/album/the-fate-of-ophelia/1833328839?i=1833328840,Taylor Swift,The Life of a Showgirl,,,,,
2026-03-27,gb,14,Pop,genre,Opalite,1833328845,18,18,https://is1-ssl.mzstatic.com/image/thumb/Music211/v4/2d/46/e0/2d46e0bc-8ab9-85dd-4b56-ee6951351034/25UM1IM19577.rgb.jpg/300x300bb.jpg,https://music.apple.com/gb/album/opalite/1833328839?i=1833328845,Taylor Swift,The Life of a Showgirl,,,,,
2026-03-27,gb,14,Pop,genre,Elizabeth Taylor,1833328842,51,50,https://is1-ssl.mzstatic.com/image/thumb/Music211/v4/2d/46/e0/2d46e0bc-8ab9-85dd-4b56-ee6951351034/25UM1IM19577.rgb.jpg/300x300bb.jpg,https://music.apple.com/gb/album/elizabeth-taylor/1833328839?i=1833328842,Taylor Swift,The Life of a Showgirl,,,,,
2026-03-27,gb,14,Pop,genre,Cruel Summer,1468058171,73,68,https://is1-ssl.mzstatic.com/image/thumb/Music125/v4/49/3d/ab/493dab54-f920-9043-6181-80993b8116c9/19UMGIM53909.rgb.jpg/300x300bb.jpg,https://music.apple.com/gb/album/cruel-summer/1468058165?i=1468058171,Taylor Swift,Lover,,,,,
2026-03-27,gb,6,Country,genre,Love Story,1452879748,5,8,https://is1-ssl.mzstatic.com/image/thumb/Music211/v4/9a/5b/4f/9a5b4f88-ef7e-093c-48bd-ce3fb72fa7dc/09UMGIM38836.rgb.jpg/300x300bb.jpg,https://music.apple.com/gb/album/love-story/1452879607?i=1452879748,Taylor Swift,Fearless (Platinum Edition),,,,,
2026-03-27,gb,6,Country,genre,You Belong With Me,1440925035,55,61,https://is1-ssl.mzstatic.com/image/thumb/Music221/v4/cb/6e/a7/cb6ea70a-6cb8-89a0-4da7-91e2d04a7bba/08PNDIM05386.rgb.jpg/300x300bb.jpg,https://music.apple.com/gb/album/you-belong-with-me/1440924803?i=1440925035,Taylor Swift,Fearless,,,,,
2026-03-27,gb,6,Country,genre,Love Story (Taylor's Version),1552791427,78,79,https://is1-ssl.mzstatic.com/image/thumb/Music125/v4/c3/d0/1c/c3d01c88-73e7-187e-fd62-e1744de979a6/21UMGIM09915.rgb.jpg/300x300bb.jpg,https://music.apple.com/gb/album/love-story-taylors-version/1552791073?i=1552791427,Taylor Swift,Fearless (Taylor's Version),,,,,
2026-03-27,gb,6,Country,genre,You Belong With Me (Taylor's Version),1552791558,94,97,https://is1-ssl.mzstatic.com/image/thumb/Music125/v4/c3/d0/1c/c3d01c88-73e7-187e-fd62-e1744de979a6/21UMGIM09915.rgb.jpg/300x300bb.jpg,https://music.apple.com/gb/album/you-belong-with-me-taylors-version/1552791073?i=1552791558,Taylor Swift,Fearless (Taylor's Version),,,,,
2026-03-27,de,14,Pop,genre,The Fate of Ophelia,1833328840,3,3,https://is1-ssl.mzstatic.com/image/thumb/Music211/v4/2d/46/e0/2d46e0bc-8ab9-85dd-4b56-ee6951351034/25UM1IM19577.rgb.jpg/300x300bb.jpg,https://music.apple.com/de/album/the-fate-of-ophelia/1833328839?i=1833328840,Taylor Swift,The Life of a Showgirl,,,,,
2026-03-27,de,14,Pop,genre,Opalite,1833328845,12,12,https://is1-ssl.mzstatic.com/image/thumb/Music211/v4/2d/46/e0/2d46e0bc-8ab9-85dd-4b56-ee6951351034/25UM1IM19577.rgb.jpg/300x300bb.jpg,https://music.apple.com/de/album/opalite/1833328839?i=1833328845,Taylor Swift,The Life of a Showgirl,,,,,
2026-03-27,de,14,Pop,genre,Cruel Summer,1468058171,74,75,https://is1-ssl.mzstatic.com/image/thumb/Music125/v4/49/3d/ab/493dab54-f920-9043-6181-80993b8116c9/19UMGIM53909.rgb.jpg/300x300bb.jpg,https://music.apple.com/de/album/cruel-summer/1468058165?i=1468058171,Taylor Swift,Lover,,,,,
2026-03-27,au,14,Pop,genre,The Fate of Ophelia,1833328840,4,4,https://is1-ssl.mzstatic.com/image/thumb/Music211/v4/2d/46/e0/2d46e0bc-8ab9-85dd-4b56-ee6951351034/25UM1IM19577.rgb.jpg/300x300bb.jpg,https://music.apple.com/au/album/the-fate-of-ophelia/1833328839?i=1833328840,Taylor Swift,The Life of a Showgirl,,,,,
2026-03-27,au,14,Pop,genre,Opalite,1833328845,8,10,https://is1-ssl.mzstatic.com/image/thumb/Music211/v4/2d/46/e0/2d46e0bc-8ab9-85dd-4b56-ee6951351034/25UM1IM19577.rgb.jpg/300x300bb.jpg,https://music.apple.com/au/album/opalite/1833328839?i=1833328845,Taylor Swift,The Life of a Showgirl,,,,,
2026-03-27,au,14,Pop,genre,Elizabeth Taylor,1833328842,33,34,https://is1-ssl.mzstatic.com/image/thumb/Music211/v4/2d/46/e0/2d46e0bc-8ab9-85dd-4b56-ee6951351034/25UM1IM19577.rgb.jpg/300x300bb.jpg,https://music.apple.com/au/album/elizabeth-taylor/1833328839?i=1833328842,Taylor Swift,The Life of a Showgirl,,,,,
2026-03-27,au,14,Pop,genre,Cruel Summer,1468058171,39,44,https://is1-ssl.mzstatic.com/image/thumb/Music125/v4/49/3d/ab/493dab54-f920-9043-6181-80993b8116c9/19UMGIM53909.rgb.jpg/300x300bb.jpg,https://music.apple.com/au/album/cruel-summer/1468058165?i=1468058171,Taylor Swift,Lover,,,,,
2026-03-27,au,14,Pop,genre,Lover,1468058173,82,84,https://is1-ssl.mzstatic.com/image/thumb/Music125/v4/49/3d/ab/493dab54-f920-9043-6181-80993b8116c9/19UMGIM53909.rgb.jpg/300x300bb.jpg,https://music.apple.com/au/album/lover/1468058165?i=1468058173,Taylor Swift,Lover,,,,,
2026-03-27,au,14,Pop,genre,Fortnight (feat. Post Malone),1742057775,99,,https://is1-ssl.mzstatic.com/image/thumb/Music221/v4/a4/86/59/a486593a-53c9-1c2a-5122-8f25339f7359/24UMGIM44778.rgb.jpg/300x300bb.jpg,https://music.apple.com/au/album/fortnight-feat-post-malone/1742057774?i=1742057775,Taylor Swift,THE TORTURED POETS DEPARTMENT: THE ANTHOLOGY,,,,,
2026-03-27,au,6,Country,genre,Love Story,1452879748,37,43,https://is1-ssl.mzstatic.com/image/thumb/Music211/v4/9a/5b/4f/9a5b4f88-ef7e-093c-48bd-ce3fb72fa7dc/09UMGIM38836.rgb.jpg/300x300bb.jpg,https://music.apple.com/au/album/love-story/1452879607?i=1452879748,Taylor Swift,Fearless (Platinum Edition),,,,,
2026-03-28,us,14,Pop,genre,The Fate of Ophelia,1833328840,10,13,https://is1-ssl.mzstatic.com/image/thumb/Music211/v4/2d/46/e0/2d46e0bc-8ab9-85dd-4b56-ee6951351034/25UM1IM19577.rgb.jpg/300x300bb.jpg,https://music.apple.com/us/album/the-fate-of-ophelia/1833328839?i=1833328840,Taylor Swift,The Life of a Showgirl,226074,2025-10-03,USUG12506436,,Pop | Music
2026-03-28,us,14,Pop,genre,Opalite,1833328845,16,20,https://is1-ssl.mzstatic.com/image/thumb/Music211/v4/2d/46/e0/2d46e0bc-8ab9-85dd-4b56-ee6951351034/25UM1IM19577.rgb.jpg/300x300bb.jpg,https://music.apple.com/us/album/opalite/1833328839?i=1833328845,Taylor Swift,The Life of a Showgirl,235356,2025-10-03,USUG12506438,,Pop | Music
2026-03-28,us,14,Pop,genre,Elizabeth Taylor,1833328842,40,57,https://is1-ssl.mzstatic.com/image/thumb/Music211/v4/2d/46/e0/2d46e0bc-8ab9-85dd-4b56-ee6951351034/25UM1IM19577.rgb.jpg/300x300bb.jpg,https://music.apple.com/us/album/elizabeth-taylor/1833328839?i=1833328842,Taylor Swift,The Life of a Showgirl,208292,2025-10-03,USUG12506437,,Pop | Music
2026-03-28,us,14,Pop,genre,Style,1440933520,47,46,https://is1-ssl.mzstatic.com/image/thumb/Music221/v4/a7/98/d8/a798d867-344d-2bf2-fbfe-d2d1412dcef8/14UMDIM03793.rgb.jpg/300x300bb.jpg,https://music.apple.com/us/album/style/1440933512?i=1440933520,Taylor Swift,1989 (Deluxe Edition),231000,2014-10-27,USCJY1431319,,Pop | Music
2026-03-28,us,14,Pop,genre,Cruel Summer,1468058171,80,90,https://is1-ssl.mzstatic.com/image/thumb/Music125/v4/49/3d/ab/493dab54-f920-9043-6181-80993b8116c9/19UMGIM53909.rgb.jpg/300x300bb.jpg,https://music.apple.com/us/album/cruel-summer/1468058165?i=1468058171,Taylor Swift,Lover,178426,2019-08-23,USUG11901472,,Pop | Music
2026-03-28,us,14,Pop,genre,Lover,1468058173,100,,https://is1-ssl.mzstatic.com/image/thumb/Music125/v4/49/3d/ab/493dab54-f920-9043-6181-80993b8116c9/19UMGIM53909.rgb.jpg/300x300bb.jpg,https://music.apple.com/us/album/lover/1468058165?i=1468058173,Taylor Swift,Lover,221300,2019-08-16,USUG11901473,,Pop | Music
2026-03-28,us,6,Country,genre,You Belong With Me,1440925035,93,,https://is1-ssl.mzstatic.com/image/thumb/Music221/v4/cb/6e/a7/cb6ea70a-6cb8-89a0-4da7-91e2d04a7bba/08PNDIM05386.rgb.jpg/300x300bb.jpg,https://music.apple.com/us/album/you-belong-with-me/1440924803?i=1440925035,Taylor Swift,Fearless,231133,2008-11-11,USCJY0803328,,Country | Music | Pop | Adult Contemporary | Honky Tonk | Rock | Contemporary Country
2026-03-28,fr,14,Pop,genre,The Fate of Ophelia,1833328840,3,3,https://is1-ssl.mzstatic.com/image/thumb/Music211/v4/2d/46/e0/2d46e0bc-8ab9-85dd-4b56-ee6951351034/25UM1IM19577.rgb.jpg/300x300bb.jpg,https://music.apple.com/fr/album/the-fate-of-ophelia/1833328839?i=1833328840,Taylor Swift,The Life of a Showgirl,226074,2025-10-03,USUG12506436,,Pop | Musique
2026-03-28,fr,14,Pop,genre,Opalite,1833328845,22,29,https://is1-ssl.mzstatic.com/image/thumb/Music211/v4/2d/46/e0/2d46e0bc-8ab9-85dd-4b56-ee6951351034/25UM1IM19577.rgb.jpg/300x300bb.jpg,https://music.apple.com/fr/album/opalite/1833328839?i=1833328845,Taylor Swift,The Life of a Showgirl,235356,2025-10-03,USUG12506438,,Pop | Musique
2026-03-28,gb,14,Pop,genre,The Fate of Ophelia,1833328840,9,10,https://is1-ssl.mzstatic.com/image/thumb/Music211/v4/2d/46/e0/2d46e0bc-8ab9-85dd-4b56-ee6951351034/25UM1IM19577.rgb.jpg/300x300bb.jpg,https://music.apple.com/gb/album/the-fate-of-ophelia/1833328839?i=1833328840,Taylor Swift,The Life of a Showgirl,226074,2025-10-03,USUG12506436,,Pop | Music
2026-03-28,gb,14,Pop,genre,Opalite,1833328845,16,18,https://is1-ssl.mzstatic.com/image/thumb/Music211/v4/2d/46/e0/2d46e0bc-8ab9-85dd-4b56-ee6951351034/25UM1IM19577.rgb.jpg/300x300bb.jpg,https://music.apple.com/gb/album/opalite/1833328839?i=1833328845,Taylor Swift,The Life of a Showgirl,235356,2025-10-03,USUG12506438,,Pop | Music
2026-03-28,gb,14,Pop,genre,Elizabeth Taylor,1833328842,55,51,https://is1-ssl.mzstatic.com/image/thumb/Music211/v4/2d/46/e0/2d46e0bc-8ab9-85dd-4b56-ee6951351034/25UM1IM19577.rgb.jpg/300x300bb.jpg,https://music.apple.com/gb/album/elizabeth-taylor/1833328839?i=1833328842,Taylor Swift,The Life of a Showgirl,208292,2025-10-03,USUG12506437,,Pop | Music
2026-03-28,gb,14,Pop,genre,Cruel Summer,1468058171,73,73,https://is1-ssl.mzstatic.com/image/thumb/Music125/v4/49/3d/ab/493dab54-f920-9043-6181-80993b8116c9/19UMGIM53909.rgb.jpg/300x300bb.jpg,https://music.apple.com/gb/album/cruel-summer/1468058165?i=1468058171,Taylor Swift,Lover,178426,2019-08-23,USUG11901472,,Pop | Music
2026-03-28,gb,6,Country,genre,Love Story,1452879748,6,5,https://is1-ssl.mzstatic.com/image/thumb/Music211/v4/9a/5b/4f/9a5b4f88-ef7e-093c-48bd-ce3fb72fa7dc/09UMGIM38836.rgb.jpg/300x300bb.jpg,https://music.apple.com/gb/album/love-story/1452879607?i=1452879748,Taylor Swift,Fearless (Platinum Edition),235280,2008-09-12,USCJY0803275,,Country | Music
2026-03-28,gb,6,Country,genre,You Belong With Me,1440925035,54,55,https://is1-ssl.mzstatic.com/image/thumb/Music221/v4/cb/6e/a7/cb6ea70a-6cb8-89a0-4da7-91e2d04a7bba/08PNDIM05386.rgb.jpg/300x300bb.jpg,https://music.apple.com/gb/album/you-belong-with-me/1440924803?i=1440925035,Taylor Swift,Fearless,231133,2008-11-11,USCJY0803328,,Country | Music | Pop | Adult Contemporary | Honky Tonk | Rock | Contemporary Country
2026-03-28,gb,6,Country,genre,Love Story (Taylor's Version),1552791427,75,78,https://is1-ssl.mzstatic.com/image/thumb/Music125/v4/c3/d0/1c/c3d01c88-73e7-187e-fd62-e1744de979a6/21UMGIM09915.rgb.jpg/300x300bb.jpg,https://music.apple.com/gb/album/love-story-taylors-version/1552791073?i=1552791427,Taylor Swift,Fearless (Taylor's Version),235767,2021-02-11,USUG12100342,,Country | Music
2026-03-28,gb,6,Country,genre,You Belong With Me (Taylor's Version),1552791558,88,94,https://is1-ssl.mzstatic.com/image/thumb/Music125/v4/c3/d0/1c/c3d01c88-73e7-187e-fd62-e1744de979a6/21UMGIM09915.rgb.jpg/300x300bb.jpg,https://music.apple.com/gb/album/you-belong-with-me-taylors-version/1552791073?i=1552791558,Taylor Swift,Fearless (Taylor's Version),231124,2021-04-09,USUG12100622,,Country | Music
2026-03-28,gb,6,Country,genre,I Knew You Were Trouble,1440935349,93,,https://is1-ssl.mzstatic.com/image/thumb/Music221/v4/25/0d/7e/250d7e42-3a2f-19ac-f865-f1e04a4a1f97/12UMDIM01007.rgb.jpg/300x300bb.jpg,https://music.apple.com/gb/album/i-knew-you-were-trouble/1440935340?i=1440935349,Taylor Swift,Red,219721,2012-10-09,USCJY1231039,,Country | Music | Rock | Contemporary Country | Pop | Teen Pop | Honky Tonk
2026-03-28,de,14,Pop,genre,The Fate of Ophelia,1833328840,2,3,https://is1-ssl.mzstatic.com/image/thumb/Music211/v4/2d/46/e0/2d46e0bc-8ab9-85dd-4b56-ee6951351034/25UM1IM19577.rgb.jpg/300x300bb.jpg,https://music.apple.com/de/album/the-fate-of-ophelia/1833328839?i=1833328840,Taylor Swift,The Life of a Showgirl,226074,2025-10-03,USUG12506436,,Pop | Musik
2026-03-28,de,14,Pop,genre,Opalite,1833328845,8,12,https://is1-ssl.mzstatic.com/image/thumb/Music211/v4/2d/46/e0/2d46e0bc-8ab9-85dd-4b56-ee6951351034/25UM1IM19577.rgb.jpg/300x300bb.jpg,https://music.apple.com/de/album/opalite/1833328839?i=1833328845,Taylor Swift,The Life of a Showgirl,235356,2025-10-03,USUG12506438,,Pop | Musik
2026-03-28,de,14,Pop,genre,Cruel Summer,1468058171,54,74,https://is1-ssl.mzstatic.com/image/thumb/Music125/v4/49/3d/ab/493dab54-f920-9043-6181-80993b8116c9/19UMGIM53909.rgb.jpg/300x300bb.jpg,https://music.apple.com/de/album/cruel-summer/1468058165?i=1468058171,Taylor Swift,Lover,178426,2019-08-23,USUG11901472,,Pop | Musik
2026-03-28,au,14,Pop,genre,The Fate of Ophelia,1833328840,4,4,https://is1-ssl.mzstatic.com/image/thumb/Music211/v4/2d/46/e0/2d46e0bc-8ab9-85dd-4b56-ee6951351034/25UM1IM19577.rgb.jpg/300x300bb.jpg,https://music.apple.com/au/album/the-fate-of-ophelia/1833328839?i=1833328840,Taylor Swift,The Life of a Showgirl,226074,2025-10-03,USUG12506436,,Pop | Music
2026-03-28,au,14,Pop,genre,Opalite,1833328845,9,8,https://is1-ssl.mzstatic.com/image/thumb/Music211/v4/2d/46/e0/2d46e0bc-8ab9-85dd-4b56-ee6951351034/25UM1IM19577.rgb.jpg/300x300bb.jpg,https://music.apple.com/au/album/opalite/1833328839?i=1833328845,Taylor Swift,The Life of a Showgirl,235356,2025-10-03,USUG12506438,,Pop | Music
2026-03-28,au,14,Pop,genre,Elizabeth Taylor,1833328842,35,33,https://is1-ssl.mzstatic.com/image/thumb/Music211/v4/2d/46/e0/2d46e0bc-8ab9-85dd-4b56-ee6951351034/25UM1IM19577.rgb.jpg/300x300bb.jpg,https://music.apple.com/au/album/elizabeth-taylor/1833328839?i=1833328842,Taylor Swift,The Life of a Showgirl,208292,2025-10-03,USUG12506437,,Pop | Music
2026-03-28,au,14,Pop,genre,Cruel Summer,1468058171,40,39,https://is1-ssl.mzstatic.com/image/thumb/Music125/v4/49/3d/ab/493dab54-f920-9043-6181-80993b8116c9/19UMGIM53909.rgb.jpg/300x300bb.jpg,https://music.apple.com/au/album/cruel-summer/1468058165?i=1468058171,Taylor Swift,Lover,178426,2019-08-23,USUG11901472,,Pop | Music
2026-03-28,au,14,Pop,genre,Lover,1468058173,81,82,https://is1-ssl.mzstatic.com/image/thumb/Music125/v4/49/3d/ab/493dab54-f920-9043-6181-80993b8116c9/19UMGIM53909.rgb.jpg/300x300bb.jpg,https://music.apple.com/au/album/lover/1468058165?i=1468058173,Taylor Swift,Lover,221300,2019-08-16,USUG11901473,,Pop | Music
2026-03-28,au,14,Pop,genre,You Need To Calm Down,1468058704,95,,https://is1-ssl.mzstatic.com/image/thumb/Music125/v4/49/3d/ab/493dab54-f920-9043-6181-80993b8116c9/19UMGIM53909.rgb.jpg/300x300bb.jpg,https://music.apple.com/au/album/you-need-to-calm-down/1468058165?i=1468058704,Taylor Swift,Lover,171352,2019-06-14,USUG11901470,,Pop | Music
2026-03-28,au,6,Country,genre,Love Story,1452879748,23,37,https://is1-ssl.mzstatic.com/image/thumb/Music211/v4/9a/5b/4f/9a5b4f88-ef7e-093c-48bd-ce3fb72fa7dc/09UMGIM38836.rgb.jpg/300x300bb.jpg,https://music.apple.com/au/album/love-story/1452879607?i=1452879748,Taylor Swift,Fearless (Platinum Edition),235280,2008-09-12,USCJY0803275,,Country | Music
2026-03-28,ca,14,Pop,genre,The Fate of Ophelia,1833328840,2,,https://is1-ssl.mzstatic.com/image/thumb/Music211/v4/2d/46/e0/2d46e0bc-8ab9-85dd-4b56-ee6951351034/25UM1IM19577.rgb.jpg/300x300bb.jpg,https://music.apple.com/ca/album/the-fate-of-ophelia/1833328839?i=1833328840,Taylor Swift,The Life of a Showgirl,226074,2025-10-03,USUG12506436,,Pop | Music
2026-03-28,ca,14,Pop,genre,Opalite,1833328845,6,,https://is1-ssl.mzstatic.com/image/thumb/Music211/v4/2d/46/e0/2d46e0bc-8ab9-85dd-4b56-ee6951351034/25UM1IM19577.rgb.jpg/300x300bb.jpg,https://music.apple.com/ca/album/opalite/1833328839?i=1833328845,Taylor Swift,The Life of a Showgirl,235356,2025-10-03,USUG12506438,,Pop | Music
2026-03-28,ca,14,Pop,genre,Style,1440933520,48,,https://is1-ssl.mzstatic.com/image/thumb/Music221/v4/a7/98/d8/a798d867-344d-2bf2-fbfe-d2d1412dcef8/14UMDIM03793.rgb.jpg/300x300bb.jpg,https://music.apple.com/ca/album/style/1440933512?i=1440933520,Taylor Swift,1989 (Deluxe Edition),231000,2014-10-27,USCJY1431319,,Pop | Music
2026-03-28,ca,14,Pop,genre,Cruel Summer,1468058171,50,,https://is1-ssl.mzstatic.com/image/thumb/Music125/v4/49/3d/ab/493dab54-f920-9043-6181-80993b8116c9/19UMGIM53909.rgb.jpg/300x300bb.jpg,https://music.apple.com/ca/album/cruel-summer/1468058165?i=1468058171,Taylor Swift,Lover,178426,2019-08-23,USUG11901472,,Pop | Music
2026-03-28,ca,14,Pop,genre,Lover,1468058173,61,,https://is1-ssl.mzstatic.com/image/thumb/Music125/v4/49/3d/ab/493dab54-f920-9043-6181-80993b8116c9/19UMGIM53909.rgb.jpg/300x300bb.jpg,https://music.apple.com/ca/album/lover/1468058165?i=1468058173,Taylor Swift,Lover,221300,2019-08-16,USUG11901473,,Pop | Music
2026-03-28,ca,14,Pop,genre,Father Figure,1833328847,75,,https://is1-ssl.mzstatic.com/image/thumb/Music211/v4/2d/46/e0/2d46e0bc-8ab9-85dd-4b56-ee6951351034/25UM1IM19577.rgb.jpg/300x300bb.jpg,https://music.apple.com/ca/album/father-figure/1833328839?i=1833328847,Taylor Swift,The Life of a Showgirl,212777,2025-10-03,USUG12506439,explicit,Pop | Music
2026-03-28,ca,14,Pop,genre,Elizabeth Taylor,1833328842,80,,https://is1-ssl.mzstatic.com/image/thumb/Music211/v4/2d/46/e0/2d46e0bc-8ab9-85dd-4b56-ee6951351034/25UM1IM19577.rgb.jpg/300x300bb.jpg,https://music.apple.com/ca/album/elizabeth-taylor/1833328839?i=1833328842,Taylor Swift,The Life of a Showgirl,208292,2025-10-03,USUG12506437,,Pop | Music
2026-03-28,ca,14,Pop,genre,The Life of a Showgirl (feat. Sabrina Carpenter),1833329007,100,,https://is1-ssl.mzstatic.com/image/thumb/Music211/v4/2d/46/e0/2d46e0bc-8ab9-85dd-4b56-ee6951351034/25UM1IM19577.rgb.jpg/300x300bb.jpg,https://music.apple.com/ca/album/the-life-of-a-showgirl-feat-sabrina-carpenter/1833328839?i=1833329007,Taylor Swift,The Life of a Showgirl,241767,2025-10-03,USUG12506447,explicit,Pop | Music
2026-03-28,br,14,Pop,genre,The Fate of Ophelia,1833328840,4,,https://is1-ssl.mzstatic.com/image/thumb/Music211/v4/2d/46/e0/2d46e0bc-8ab9-85dd-4b56-ee6951351034/25UM1IM19577.rgb.jpg/300x300bb.jpg,https://music.apple.com/br/album/the-fate-of-ophelia/1833328839?i=1833328840,Taylor Swift,The Life of a Showgirl,226074,2025-10-03,USUG12506436,,Pop | Música
2026-03-28,br,14,Pop,genre,Opalite,1833328845,34,,https://is1-ssl.mzstatic.com/image/thumb/Music211/v4/2d/46/e0/2d46e0bc-8ab9-85dd-4b56-ee6951351034/25UM1IM19577.rgb.jpg/300x300bb.jpg,https://music.apple.com/br/album/opalite/1833328839?i=1833328845,Taylor Swift,The Life of a Showgirl,235356,2025-10-03,USUG12506438,,Pop | Música
2026-03-28,br,14,Pop,genre,Cruel Summer,1468058171,85,,https://is1-ssl.mzstatic.com/image/thumb/Music125/v4/49/3d/ab/493dab54-f920-9043-6181-80993b8116c9/19UMGIM53909.rgb.jpg/300x300bb.jpg,https://music.apple.com/br/album/cruel-summer/1468058165?i=1468058171,Taylor Swift,Lover,178426,2019-08-23,USUG11901472,,Pop | Música
2026-03-28,mx,14,Pop,genre,The Fate of Ophelia,1833328840,9,,https://is1-ssl.mzstatic.com/image/thumb/Music211/v4/2d/46/e0/2d46e0bc-8ab9-85dd-4b56-ee6951351034/25UM1IM19577.rgb.jpg/300x300bb.jpg,https://music.apple.com/mx/album/the-fate-of-ophelia/1833328839?i=1833328840,Taylor Swift,The Life of a Showgirl,226074,2025-10-03,USUG12506436,,Pop | Música
2026-03-28,mx,14,Pop,genre,Opalite,1833328845,21,,https://is1-ssl.mzstatic.com/image/thumb/Music211/v4/2d/46/e0/2d46e0bc-8ab9-85dd-4b56-ee6951351034/25UM1IM19577.rgb.jpg/300x300bb.jpg,https://music.apple.com/mx/album/opalite/1833328839?i=1833328845,Taylor Swift,The Life of a Showgirl,235356,2025-10-03,USUG12506438,,Pop | Música
2026-03-28,mx,14,Pop,genre,Lover,1468058173,82,,https://is1-ssl.mzstatic.com/image/thumb/Music125/v4/49/3d/ab/493dab54-f920-9043-6181-80993b8116c9/19UMGIM53909.rgb.jpg/300x300bb.jpg,https://music.apple.com/mx/album/lover/1468058165?i=1468058173,Taylor Swift,Lover,221300,2019-08-16,USUG11901473,,Pop | Música
2026-03-28,mx,14,Pop,genre,Cruel Summer,1468058171,97,,https://is1-ssl.mzstatic.com/image/thumb/Music125/v4/49/3d/ab/493dab54-f920-9043-6181-80993b8116c9/19UMGIM53909.rgb.jpg/300x300bb.jpg,https://music.apple.com/mx/album/cruel-summer/1468058165?i=1468058171,Taylor Swift,Lover,178426,2019-08-23,USUG11901472,,Pop | Música
2026-03-28,mx,6,Country,genre,You Belong With Me (Taylor's Version),1552791558,1,,https://is1-ssl.mzstatic.com/image/thumb/Music125/v4/c3/d0/1c/c3d01c88-73e7-187e-fd62-e1744de979a6/21UMGIM09915.rgb.jpg/300x300bb.jpg,https://music.apple.com/mx/album/you-belong-with-me-taylors-version/1552791073?i=1552791558,Taylor Swift,Fearless (Taylor's Version),231124,2021-04-09,USUG12100622,,Country | Música
2026-03-28,mx,6,Country,genre,Love Story (Taylor's Version),1552791427,5,,https://is1-ssl.mzstatic.com/image/thumb/Music125/v4/c3/d0/1c/c3d01c88-73e7-187e-fd62-e1744de979a6/21UMGIM09915.rgb.jpg/300x300bb.jpg,https://music.apple.com/mx/album/love-story-taylors-version/1552791073?i=1552791427,Taylor Swift,Fearless (Taylor's Version),235767,2021-02-11,USUG12100342,,Country | Música
2026-03-28,mx,6,Country,genre,The Way I Loved You (Taylor's Version),1552791761,9,,https://is1-ssl.mzstatic.com/image/thumb/Music125/v4/c3/d0/1c/c3d01c88-73e7-187e-fd62-e1744de979a6/21UMGIM09915.rgb.jpg/300x300bb.jpg,https://music.apple.com/mx/album/the-way-i-loved-you-taylors-version/1552791073?i=1552791761,Taylor Swift,Fearless (Taylor's Version),243137,2021-04-09,USUG12100626,,Country | Música
2026-03-28,mx,6,Country,genre,Enchanted,1440920614,19,,https://is1-ssl.mzstatic.com/image/thumb/Music221/v4/d4/23/57/d423579f-24f7-5c82-ed10-fbfd21ceef25/10UMDIM00487.rgb.jpg/300x300bb.jpg,https://music.apple.com/mx/album/enchanted/1440920310?i=1440920614,Taylor Swift,Speak Now,352187,2010-10-25,USCJY1003663,,"Country | Música | Rock | Honky Tonk

 | Country contemporáneo"
2026-03-28,mx,6,Country,genre,Mr. Perfectly Fine (Taylor's Version) [From The Vault],1552792305,22,,https://is1-ssl.mzstatic.com/image/thumb/Music125/v4/c3/d0/1c/c3d01c88-73e7-187e-fd62-e1744de979a6/21UMGIM09915.rgb.jpg/300x300bb.jpg,https://music.apple.com/mx/album/mr-perfectly-fine-taylors-version-from-the-vault/1552791073?i=1552792305,Taylor Swift,Fearless (Taylor's Version),277592,2021-04-06,USUG12100638,,Country | Música
2026-03-28,mx,6,Country,genre,Fearless (Taylor's Version),1552791228,24,,https://is1-ssl.mzstatic.com/image/thumb/Music125/v4/c3/d0/1c/c3d01c88-73e7-187e-fd62-e1744de979a6/21UMGIM09915.rgb.jpg/300x300bb.jpg,https://music.apple.com/mx/album/fearless-taylors-version/1552791073?i=1552791228,Taylor Swift,Fearless (Taylor's Version),241592,2021-04-09,USUG12100618,,Country | Música
2026-03-28,mx,6,Country,genre,You Belong With Me,1440925035,25,,https://is1-ssl.mzstatic.com/image/thumb/Music221/v4/cb/6e/a7/cb6ea70a-6cb8-89a0-4da7-91e2d04a7bba/08PNDIM05386.rgb.jpg/300x300bb.jpg,https://music.apple.com/mx/album/you-belong-with-me/1440924803?i=1440925035,Taylor Swift,Fearless,231133,2008-11-11,USCJY0803328,,"Country | Música | Pop | Contemporáneo para adultos | Honky Tonk

 | Rock | Country contemporáneo"
2026-03-28,mx,6,Country,genre,I Knew You Were Trouble,1440935349,37,,https://is1-ssl.mzstatic.com/image/thumb/Music221/v4/25/0d/7e/250d7e42-3a2f-19ac-f865-f1e04a4a1f97/12UMDIM01007.rgb.jpg/300x300bb.jpg,https://music.apple.com/mx/album/i-knew-you-were-trouble/1440935340?i=1440935349,Taylor Swift,Red,219721,2012-10-09,USCJY1231039,,"Country | Música | Rock | Country contemporáneo | Pop | Pop adolescente | Honky Tonk

"
2026-03-28,mx,6,Country,genre,Love Story,1452879748,39,,https://is1-ssl.mzstatic.com/image/thumb/Music211/v4/9a/5b/4f/9a5b4f88-ef7e-093c-48bd-ce3fb72fa7dc/09UMGIM38836.rgb.jpg/300x300bb.jpg,https://music.apple.com/mx/album/love-story/1452879607?i=1452879748,Taylor Swift,Fearless (Platinum Edition),235280,2008-09-12,USCJY0803275,,Country | Música
2026-03-28,mx,6,Country,genre,We Are Never Ever Getting Back Together,1440935564,51,,https://is1-ssl.mzstatic.com/image/thumb/Music221/v4/25/0d/7e/250d7e42-3a2f-19ac-f865-f1e04a4a1f97/12UMDIM01007.rgb.jpg/300x300bb.jpg,https://music.apple.com/mx/album/we-are-never-ever-getting-back-together/1440935340?i=1440935564,Taylor Swift,Red,193144,2012-08-13,USCJY1231018,,"Country | Música | Rock | Country contemporáneo | Pop | Pop adolescente | Honky Tonk

"
2026-03-28,mx,6,Country,genre,Picture to Burn,1440802687,60,,https://is1-ssl.mzstatic.com/image/thumb/Music211/v4/69/9e/92/699e92bb-b589-27f7-bdd1-d0cdc8a061e4/08UMGIM21979.rgb.jpg/300x300bb.jpg,https://music.apple.com/mx/album/picture-to-burn/1440802681?i=1440802687,Taylor Swift,Taylor Swift (Deluxe Edition),173067,2006-10-24,USCJY0603250,,"Country | Música | Rock | Country contemporáneo | Honky Tonk

"
2026-03-28,mx,6,Country,genre,Red,1440935346,62,,https://is1-ssl.mzstatic.com/image/thumb/Music221/v4/25/0d/7e/250d7e42-3a2f-19ac-f865-f1e04a4a1f97/12UMDIM01007.rgb.jpg/300x300bb.jpg,https://music.apple.com/mx/album/red/1440935340?i=1440935346,Taylor Swift,Red,223091,2012-10-02,USCJY1231020,,"Country | Música | Rock | Country contemporáneo | Pop | Pop adolescente | Honky Tonk

"
2026-03-28,mx,6,Country,genre,Untouchable (Taylor's Version),1552791979,70,,https://is1-ssl.mzstatic.com/image/thumb/Music125/v4/c3/d0/1c/c3d01c88-73e7-187e-fd62-e1744de979a6/21UMGIM09915.rgb.jpg/300x300bb.jpg,https://music.apple.com/mx/album/untouchable-taylors-version/1552791073?i=1552791979,Taylor Swift,Fearless (Taylor's Version),312107,2021-04-09,USUG12100631,,Country | Música
2026-03-28,mx,6,Country,genre,Our Song,1440803024,74,,https://is1-ssl.mzstatic.com/image/thumb/Music211/v4/69/9e/92/699e92bb-b589-27f7-bdd1-d0cdc8a061e4/08UMGIM21979.rgb.jpg/300x300bb.jpg,https://music.apple.com/mx/album/our-song/1440802681?i=1440803024,Taylor Swift,Taylor Swift (Deluxe Edition),201107,2006-10-24,USCJY0703142,,"Country | Música | Rock | Country contemporáneo | Honky Tonk

"
2026-03-28,mx,6,Country,genre,Better Than Revenge,1440920711,79,,https://is1-ssl.mzstatic.com/image/thumb/Music221/v4/d4/23/57/d423579f-24f7-5c82-ed10-fbfd21ceef25/10UMDIM00487.rgb.jpg/300x300bb.jpg,https://music.apple.com/mx/album/better-than-revenge/1440920310?i=1440920711,Taylor Swift,Speak Now,217160,2010-10-25,USCJY1003664,,"Country | Música | Rock | Honky Tonk

 | Country contemporáneo"
2026-03-28,mx,6,Country,genre,Hey Stephen (Taylor's Version),1552791434,86,,https://is1-ssl.mzstatic.com/image/thumb/Music125/v4/c3/d0/1c/c3d01c88-73e7-187e-fd62-e1744de979a6/21UMGIM09915.rgb.jpg/300x300bb.jpg,https://music.apple.com/mx/album/hey-stephen-taylors-version/1552791073?i=1552791434,Taylor Swift,Fearless (Taylor's Version),254255,2021-04-09,USUG12100620,,Country | Música
2026-03-28,mx,6,Country,genre,22,1440935562,100,,https://is1-ssl.mzstatic.com/image/thumb/Music221/v4/25/0d/7e/250d7e42-3a2f-19ac-f865-f1e04a4a1f97/12UMDIM01007.rgb.jpg/300x300bb.jpg,https://music.apple.com/mx/album/22/1440935340?i=1440935562,Taylor Swift,Red,232120,2012-10-22,USCJY1231040,,"Country | Música | Rock | Country contemporáneo | Pop | Pop adolescente | Honky Tonk

"
2026-03-28,it,14,Pop,genre,The Fate of Ophelia,1833328840,18,,https://is1-ssl.mzstatic.com/image/thumb/Music211/v4/2d/46/e0/2d46e0bc-8ab9-85dd-4b56-ee6951351034/25UM1IM19577.rgb.jpg/300x300bb.jpg,https://music.apple.com/it/album/the-fate-of-ophelia/1833328839?i=1833328840,Taylor Swift,The Life of a Showgirl,226074,2025-10-03,USUG12506436,,Pop | Musica
2026-03-28,it,14,Pop,genre,Opalite,1833328845,80,,https://is1-ssl.mzstatic.com/image/thumb/Music211/v4/2d/46/e0/2d46e0bc-8ab9-85dd-4b56-ee6951351034/25UM1IM19577.rgb.jpg/300x300bb.jpg,https://music.apple.com/it/album/opalite/1833328839?i=1833328845,Taylor Swift,The Life of a Showgirl,235356,2025-10-03,USUG12506438,,Pop | Musica
2026-03-28,it,6,Country,genre,Love Story (Taylor's Version),1552791427,11,,https://is1-ssl.mzstatic.com/image/thumb/Music125/v4/c3/d0/1c/c3d01c88-73e7-187e-fd62-e1744de979a6/21UMGIM09915.rgb.jpg/300x300bb.jpg,https://music.apple.com/it/album/love-story-taylors-version/1552791073?i=1552791427,Taylor Swift,Fearless (Taylor's Version),235767,2021-02-11,USUG12100342,,Country | Musica
2026-03-28,it,6,Country,genre,You Belong With Me (Taylor's Version),1552791558,17,,https://is1-ssl.mzstatic.com/image/thumb/Music125/v4/c3/d0/1c/c3d01c88-73e7-187e-fd62-e1744de979a6/21UMGIM09915.rgb.jpg/300x300bb.jpg,https://music.apple.com/it/album/you-belong-with-me-taylors-version/1552791073?i=1552791558,Taylor Swift,Fearless (Taylor's Version),231124,2021-04-09,USUG12100622,,Country | Musica
2026-03-28,it,6,Country,genre,Love Story,1452879748,22,,https://is1-ssl.mzstatic.com/image/thumb/Music211/v4/9a/5b/4f/9a5b4f88-ef7e-093c-48bd-ce3fb72fa7dc/09UMGIM38836.rgb.jpg/300x300bb.jpg,https://music.apple.com/it/album/love-story/1452879607?i=1452879748,Taylor Swift,Fearless (Platinum Edition),235280,2008-09-12,USCJY0803275,,Country | Musica
2026-03-28,it,6,Country,genre,I Knew You Were Trouble,1440935349,43,,https://is1-ssl.mzstatic.com/image/thumb/Music221/v4/25/0d/7e/250d7e42-3a2f-19ac-f865-f1e04a4a1f97/12UMDIM01007.rgb.jpg/300x300bb.jpg,https://music.apple.com/it/album/i-knew-you-were-trouble/1440935340?i=1440935349,Taylor Swift,Red,219721,2012-10-09,USCJY1231039,,Country | Musica | Rock | Country contemporaneo | Pop | Teen pop | Honky-tonk
2026-03-28,it,6,Country,genre,The Way I Loved You (Taylor's Version),1552791761,44,,https://is1-ssl.mzstatic.com/image/thumb/Music125/v4/c3/d0/1c/c3d01c88-73e7-187e-fd62-e1744de979a6/21UMGIM09915.rgb.jpg/300x300bb.jpg,https://music.apple.com/it/album/the-way-i-loved-you-taylors-version/1552791073?i=1552791761,Taylor Swift,Fearless (Taylor's Version),243137,2021-04-09,USUG12100626,,Country | Musica
2026-03-28,it,6,Country,genre,We Are Never Ever Getting Back Together,1440935564,57,,https://is1-ssl.mzstatic.com/image/thumb/Music221/v4/25/0d/7e/250d7e42-3a2f-19ac-f865-f1e04a4a1f97/12UMDIM01007.rgb.jpg/300x300bb.jpg,https://music.apple.com/it/album/we-are-never-ever-getting-back-together/1440935340?i=1440935564,Taylor Swift,Red,193144,2012-08-13,USCJY1231018,,Country | Musica | Rock | Country contemporaneo | Pop | Teen pop | Honky-tonk
2026-03-28,it,6,Country,genre,Fearless (Taylor's Version),1552791228,61,,https://is1-ssl.mzstatic.com/image/thumb/Music125/v4/c3/d0/1c/c3d01c88-73e7-187e-fd62-e1744de979a6/21UMGIM09915.rgb.jpg/300x300bb.jpg,https://music.apple.com/it/album/fearless-taylors-version/1552791073?i=1552791228,Taylor Swift,Fearless (Taylor's Version),241592,2021-04-09,USUG12100618,,Country | Musica
2026-03-28,it,6,Country,genre,You Belong With Me,1440925035,68,,https://is1-ssl.mzstatic.com/image/thumb/Music221/v4/cb/6e/a7/cb6ea70a-6cb8-89a0-4da7-91e2d04a7bba/08PNDIM05386.rgb.jpg/300x300bb.jpg,https://music.apple.com/it/album/you-belong-with-me/1440924803?i=1440925035,Taylor Swift,Fearless,231133,2008-11-11,USCJY0803328,,Country | Musica | Pop | Adult contemporary | Honky-tonk | Rock | Country contemporaneo
2026-03-28,it,6,Country,genre,22,1440935562,98,,https://is1-ssl.mzstatic.com/image/thumb/Music221/v4/25/0d/7e/250d7e42-3a2f-19ac-f865-f1e04a4a1f97/12UMDIM01007.rgb.jpg/300x300bb.jpg,https://music.apple.com/it/album/22/1440935340?i=1440935562,Taylor Swift,Red,232120,2012-10-22,USCJY1231040,,Country | Musica | Rock | Country contemporaneo | Pop | Teen pop | Honky-tonk
2026-03-28,es,14,Pop,genre,The Fate of Ophelia,1833328840,4,,https://is1-ssl.mzstatic.com/image/thumb/Music211/v4/2d/46/e0/2d46e0bc-8ab9-85dd-4b56-ee6951351034/25UM1IM19577.rgb.jpg/300x300bb.jpg,https://music.apple.com/es/album/the-fate-of-ophelia/1833328839?i=1833328840,Taylor Swift,The Life of a Showgirl,226074,2025-10-03,USUG12506436,,Pop | Música
2026-03-28,es,14,Pop,genre,Opalite,1833328845,18,,https://is1-ssl.mzstatic.com/image/thumb/Music211/v4/2d/46/e0/2d46e0bc-8ab9-85dd-4b56-ee6951351034/25UM1IM19577.rgb.jpg/300x300bb.jpg,https://music.apple.com/es/album/opalite/1833328839?i=1833328845,Taylor Swift,The Life of a Showgirl,235356,2025-10-03,USUG12506438,,Pop | Música
2026-03-28,es,6,Country,genre,Love Story (Taylor's Version),1552791427,3,,https://is1-ssl.mzstatic.com/image/thumb/Music125/v4/c3/d0/1c/c3d01c88-73e7-187e-fd62-e1744de979a6/21UMGIM09915.rgb.jpg/300x300bb.jpg,https://music.apple.com/es/album/love-story-taylors-version/1552791073?i=1552791427,Taylor Swift,Fearless (Taylor's Version),235767,2021-02-11,USUG12100342,,Country | Música
2026-03-28,es,6,Country,genre,You Belong With Me (Taylor's Version),1552791558,6,,https://is1-ssl.mzstatic.com/image/thumb/Music125/v4/c3/d0/1c/c3d01c88-73e7-187e-fd62-e1744de979a6/21UMGIM09915.rgb.jpg/300x300bb.jpg,https://music.apple.com/es/album/you-belong-with-me-taylors-version/1552791073?i=1552791558,Taylor Swift,Fearless (Taylor's Version),231124,2021-04-09,USUG12100622,,Country | Música
2026-03-28,es,6,Country,genre,Love Story,1452879748,21,,https://is1-ssl.mzstatic.com/image/thumb/Music211/v4/9a/5b/4f/9a5b4f88-ef7e-093c-48bd-ce3fb72fa7dc/09UMGIM38836.rgb.jpg/300x300bb.jpg,https://music.apple.com/es/album/love-story/1452879607?i=1452879748,Taylor Swift,Fearless (Platinum Edition),235280,2008-09-12,USCJY0803275,,Country | Música
2026-03-28,es,6,Country,genre,The Way I Loved You (Taylor's Version),1552791761,24,,https://is1-ssl.mzstatic.com/image/thumb/Music125/v4/c3/d0/1c/c3d01c88-73e7-187e-fd62-e1744de979a6/21UMGIM09915.rgb.jpg/300x300bb.jpg,https://music.apple.com/es/album/the-way-i-loved-you-taylors-version/1552791073?i=1552791761,Taylor Swift,Fearless (Taylor's Version),243137,2021-04-09,USUG12100626,,Country | Música
2026-03-28,es,6,Country,genre,I Knew You Were Trouble,1440935349,28,,https://is1-ssl.mzstatic.com/image/thumb/Music221/v4/25/0d/7e/250d7e42-3a2f-19ac-f865-f1e04a4a1f97/12UMDIM01007.rgb.jpg/300x300bb.jpg,https://music.apple.com/es/album/i-knew-you-were-trouble/1440935340?i=1440935349,Taylor Swift,Red,219721,2012-10-09,USCJY1231039,,"Country | Música | Rock | Country contemporáneo | Pop | Teen pop | Honky Tonk
"
2026-03-28,es,6,Country,genre,Fearless (Taylor's Version),1552791228,35,,https://is1-ssl.mzstatic.com/image/thumb/Music125/v4/c3/d0/1c/c3d01c88-73e7-187e-fd62-e1744de979a6/21UMGIM09915.rgb.jpg/300x300bb.jpg,https://music.apple.com/es/album/fearless-taylors-version/1552791073?i=1552791228,Taylor Swift,Fearless (Taylor's Version),241592,2021-04-09,USUG12100618,,Country | Música
2026-03-28,es,6,Country,genre,You Belong With Me,1440925035,42,,https://is1-ssl.mzstatic.com/image/thumb/Music221/v4/cb/6e/a7/cb6ea70a-6cb8-89a0-4da7-91e2d04a7bba/08PNDIM05386.rgb.jpg/300x300bb.jpg,https://music.apple.com/es/album/you-belong-with-me/1440924803?i=1440925035,Taylor Swift,Fearless,231133,2008-11-11,USCJY0803328,,"Country | Música | Pop | Contemporánea para adultos | Honky Tonk
 | Rock | Country contemporáneo"
2026-03-28,es,6,Country,genre,We Are Never Ever Getting Back Together,1440935564,44,,https://is1-ssl.mzstatic.com/image/thumb/Music221/v4/25/0d/7e/250d7e42-3a2f-19ac-f865-f1e04a4a1f97/12UMDIM01007.rgb.jpg/300x300bb.jpg,https://music.apple.com/es/album/we-are-never-ever-getting-back-together/1440935340?i=1440935564,Taylor Swift,Red,193144,2012-08-13,USCJY1231018,,"Country | Música | Rock | Country contemporáneo | Pop | Teen pop | Honky Tonk
"
2026-03-28,es,6,Country,genre,Enchanted,1440920614,55,,https://is1-ssl.mzstatic.com/image/thumb/Music221/v4/d4/23/57/d423579f-24f7-5c82-ed10-fbfd21ceef25/10UMDIM00487.rgb.jpg/300x300bb.jpg,https://music.apple.com/es/album/enchanted/1440920310?i=1440920614,Taylor Swift,Speak Now,352187,2010-10-25,USCJY1003663,,"Country | Música | Rock | Honky Tonk
 | Country contemporáneo"
2026-03-28,es,6,Country,genre,Picture to Burn,1440802687,70,,https://is1-ssl.mzstatic.com/image/thumb/Music211/v4/69/9e/92/699e92bb-b589-27f7-bdd1-d0cdc8a061e4/08UMGIM21979.rgb.jpg/300x300bb.jpg,https://music.apple.com/es/album/picture-to-burn/1440802681?i=1440802687,Taylor Swift,Taylor Swift (Deluxe Edition),173067,2006-10-24,USCJY0603250,,"Country | Música | Rock | Country contemporáneo | Honky Tonk
"
2026-03-28,es,6,Country,genre,Mr. Perfectly Fine (Taylor's Version) [From The Vault],1552792305,78,,https://is1-ssl.mzstatic.com/image/thumb/Music125/v4/c3/d0/1c/c3d01c88-73e7-187e-fd62-e1744de979a6/21UMGIM09915.rgb.jpg/300x300bb.jpg,https://music.apple.com/es/album/mr-perfectly-fine-taylors-version-from-the-vault/1552791073?i=1552792305,Taylor Swift,Fearless (Taylor's Version),277592,2021-04-06,USUG12100638,,Country | Música
2026-03-28,es,6,Country,genre,22,1440935562,82,,https://is1-ssl.mzstatic.com/image/thumb/Music221/v4/25/0d/7e/250d7e42-3a2f-19ac-f865-f1e04a4a1f97/12UMDIM01007.rgb.jpg/300x300bb.jpg,https://music.apple.com/es/album/22/1440935340?i=1440935562,Taylor Swift,Red,232120,2012-10-22,USCJY1231040,,"Country | Música | Rock | Country contemporáneo | Pop | Teen pop | Honky Tonk
"
2026-03-28,es,6,Country,genre,Our Song,1440803024,85,,https://is1-ssl.mzstatic.com/image/thumb/Music211/v4/69/9e/92/699e92bb-b589-27f7-bdd1-d0cdc8a061e4/08UMGIM21979.rgb.jpg/300x300bb.jpg,https://music.apple.com/es/album/our-song/1440802681?i=1440803024,Taylor Swift,Taylor Swift (Deluxe Edition),201107,2006-10-24,USCJY0703142,,"Country | Música | Rock | Country contemporáneo | Honky Tonk
"
2026-03-28,nl,14,Pop,genre,The Fate of Ophelia,1833328840,8,,https://is1-ssl.mzstatic.com/image/thumb/Music211/v4/2d/46/e0/2d46e0bc-8ab9-85dd-4b56-ee6951351034/25UM1IM19577.rgb.jpg/300x300bb.jpg,https://music.apple.com/nl/album/the-fate-of-ophelia/1833328839?i=1833328840,Taylor Swift,The Life of a Showgirl,226074,2025-10-03,USUG12506436,,Pop | Muziek
2026-03-28,nl,14,Pop,genre,Opalite,1833328845,34,,https://is1-ssl.mzstatic.com/image/thumb/Music211/v4/2d/46/e0/2d46e0bc-8ab9-85dd-4b56-ee6951351034/25UM1IM19577.rgb.jpg/300x300bb.jpg,https://music.apple.com/nl/album/opalite/1833328839?i=1833328845,Taylor Swift,The Life of a Showgirl,235356,2025-10-03,USUG12506438,,Pop | Muziek
2026-03-28,nl,6,Country,genre,Love Story (Taylor's Version),1552791427,18,,https://is1-ssl.mzstatic.com/image/thumb/Music125/v4/c3/d0/1c/c3d01c88-73e7-187e-fd62-e1744de979a6/21UMGIM09915.rgb.jpg/300x300bb.jpg,https://music.apple.com/nl/album/love-story-taylors-version/1552791073?i=1552791427,Taylor Swift,Fearless (Taylor's Version),235767,2021-02-11,USUG12100342,,Country | Muziek
2026-03-28,nl,6,Country,genre,You Belong With Me,1440925035,35,,https://is1-ssl.mzstatic.com/image/thumb/Music221/v4/cb/6e/a7/cb6ea70a-6cb8-89a0-4da7-91e2d04a7bba/08PNDIM05386.rgb.jpg/300x300bb.jpg,https://music.apple.com/nl/album/you-belong-with-me/1440924803?i=1440925035,Taylor Swift,Fearless,231133,2008-11-11,USCJY0803328,,Country | Muziek | Pop | Adult contemporary | Honky-tonk | Rock | Hedendaagse country
2026-03-28,nl,6,Country,genre,You Belong With Me (Taylor's Version),1552791558,50,,https://is1-ssl.mzstatic.com/image/thumb/Music125/v4/c3/d0/1c/c3d01c88-73e7-187e-fd62-e1744de979a6/21UMGIM09915.rgb.jpg/300x300bb.jpg,https://music.apple.com/nl/album/you-belong-with-me-taylors-version/1552791073?i=1552791558,Taylor Swift,Fearless (Taylor's Version),231124,2021-04-09,USUG12100622,,Country | Muziek
2026-03-28,nl,6,Country,genre,I Knew You Were Trouble,1440935349,66,,https://is1-ssl.mzstatic.com/image/thumb/Music221/v4/25/0d/7e/250d7e42-3a2f-19ac-f865-f1e04a4a1f97/12UMDIM01007.rgb.jpg/300x300bb.jpg,https://music.apple.com/nl/album/i-knew-you-were-trouble/1440935340?i=1440935349,Taylor Swift,Red,219721,2012-10-09,USCJY1231039,,Country | Muziek | Rock | Hedendaagse country | Pop | Tienerpop | Honky-tonk
2026-03-28,nl,6,Country,genre,Love Story,1452879748,68,,https://is1-ssl.mzstatic.com/image/thumb/Music211/v4/9a/5b/4f/9a5b4f88-ef7e-093c-48bd-ce3fb72fa7dc/09UMGIM38836.rgb.jpg/300x300bb.jpg,https://music.apple.com/nl/album/love-story/1452879607?i=1452879748,Taylor Swift,Fearless (Platinum Edition),235280,2008-09-12,USCJY0803275,,Country | Muziek
2026-03-28,se,14,Pop,genre,The Fate of Ophelia,1833328840,17,,https://is1-ssl.mzstatic.com/image/thumb/Music211/v4/2d/46/e0/2d46e0bc-8ab9-85dd-4b56-ee6951351034/25UM1IM19577.rgb.jpg/300x300bb.jpg,https://music.apple.com/se/album/the-fate-of-ophelia/1833328839?i=1833328840,Taylor Swift,The Life of a Showgirl,226074,2025-10-03,USUG12506436,,Pop | Musik
2026-03-28,se,14,Pop,genre,Opalite,1833328845,28,,https://is1-ssl.mzstatic.com/image/thumb/Music211/v4/2d/46/e0/2d46e0bc-8ab9-85dd-4b56-ee6951351034/25UM1IM19577.rgb.jpg/300x300bb.jpg,https://music.apple.com/se/album/opalite/1833328839?i=1833328845,Taylor Swift,The Life of a Showgirl,235356,2025-10-03,USUG12506438,,Pop | Musik
2026-03-28,se,6,Country,genre,Love Story (Taylor's Version),1552791427,23,,https://is1-ssl.mzstatic.com/image/thumb/Music125/v4/c3/d0/1c/c3d01c88-73e7-187e-fd62-e1744de979a6/21UMGIM09915.rgb.jpg/300x300bb.jpg,https://music.apple.com/se/album/love-story-taylors-version/1552791073?i=1552791427,Taylor Swift,Fearless (Taylor's Version),235767,2021-02-11,USUG12100342,,Country | Musik
2026-03-28,se,6,Country,genre,I Knew You Were Trouble,1440935349,61,,https://is1-ssl.mzstatic.com/image/thumb/Music221/v4/25/0d/7e/250d7e42-3a2f-19ac-f865-f1e04a4a1f97/12UMDIM01007.rgb.jpg/300x300bb.jpg,https://music.apple.com/se/album/i-knew-you-were-trouble/1440935340?i=1440935349,Taylor Swift,Red,219721,2012-10-09,USCJY1231039,,Country | Musik | Rock | Modern country | Pop | Tonårspop | Honky tonk
2026-03-28,se,6,Country,genre,You Belong With Me,1440925035,87,,https://is1-ssl.mzstatic.com/image/thumb/Music221/v4/cb/6e/a7/cb6ea70a-6cb8-89a0-4da7-91e2d04a7bba/08PNDIM05386.rgb.jpg/300x300bb.jpg,https://music.apple.com/se/album/you-belong-with-me/1440924803?i=1440925035,Taylor Swift,Fearless,231133,2008-11-11,USCJY0803328,,Country | Musik | Pop | Adult Contemporary | Honky tonk | Rock | Modern country
2026-03-29,us,14,Pop,genre,The Fate of Ophelia,1833328840,10,10,https://is1-ssl.mzstatic.com/image/thumb/Music211/v4/2d/46/e0/2d46e0bc-8ab9-85dd-4b56-ee6951351034/25UM1IM19577.rgb.jpg/300x300bb.jpg,https://music.apple.com/us/album/the-fate-of-ophelia/1833328839?i=1833328840,Taylor Swift,The Life of a Showgirl,226074,2025-10-03,USUG12506436,,Pop | Music
2026-03-29,us,14,Pop,genre,Opalite,1833328845,16,16,https://is1-ssl.mzstatic.com/image/thumb/Music211/v4/2d/46/e0/2d46e0bc-8ab9-85dd-4b56-ee6951351034/25UM1IM19577.rgb.jpg/300x300bb.jpg,https://music.apple.com/us/album/opalite/1833328839?i=1833328845,Taylor Swift,The Life of a Showgirl,235356,2025-10-03,USUG12506438,,Pop | Music
2026-03-29,us,14,Pop,genre,Elizabeth Taylor,1833328842,44,40,https://is1-ssl.mzstatic.com/image/thumb/Music211/v4/2d/46/e0/2d46e0bc-8ab9-85dd-4b56-ee6951351034/25UM1IM19577.rgb.jpg/300x300bb.jpg,https://music.apple.com/us/album/elizabeth-taylor/1833328839?i=1833328842,Taylor Swift,The Life of a Showgirl,208292,2025-10-03,USUG12506437,,Pop | Music
2026-03-29,us,14,Pop,genre,Style,1440933520,45,47,https://is1-ssl.mzstatic.com/image/thumb/Music221/v4/a7/98/d8/a798d867-344d-2bf2-fbfe-d2d1412dcef8/14UMDIM03793.rgb.jpg/300x300bb.jpg,https://music.apple.com/us/album/style/1440933512?i=1440933520,Taylor Swift,1989 (Deluxe Edition),231000,2014-10-27,USCJY1431319,,Pop | Music
2026-03-29,us,14,Pop,genre,Cruel Summer,1468058171,81,80,https://is1-ssl.mzstatic.com/image/thumb/Music125/v4/49/3d/ab/493dab54-f920-9043-6181-80993b8116c9/19UMGIM53909.rgb.jpg/300x300bb.jpg,https://music.apple.com/us/album/cruel-summer/1468058165?i=1468058171,Taylor Swift,Lover,178426,2019-08-23,USUG11901472,,Pop | Music
2026-03-29,us,6,Country,genre,You Belong With Me,1440925035,89,93,https://is1-ssl.mzstatic.com/image/thumb/Music221/v4/cb/6e/a7/cb6ea70a-6cb8-89a0-4da7-91e2d04a7bba/08PNDIM05386.rgb.jpg/300x300bb.jpg,https://music.apple.com/us/album/you-belong-with-me/1440924803?i=1440925035,Taylor Swift,Fearless,231133,2008-11-11,USCJY0803328,,Country | Music | Pop | Adult Contemporary | Honky Tonk | Rock | Contemporary Country
2026-03-29,fr,14,Pop,genre,The Fate of Ophelia,1833328840,3,3,https://is1-ssl.mzstatic.com/image/thumb/Music211/v4/2d/46/e0/2d46e0bc-8ab9-85dd-4b56-ee6951351034/25UM1IM19577.rgb.jpg/300x300bb.jpg,https://music.apple.com/fr/album/the-fate-of-ophelia/1833328839?i=1833328840,Taylor Swift,The Life of a Showgirl,226074,2025-10-03,USUG12506436,,Pop | Musique
2026-03-29,fr,14,Pop,genre,Opalite,1833328845,23,22,https://is1-ssl.mzstatic.com/image/thumb/Music211/v4/2d/46/e0/2d46e0bc-8ab9-85dd-4b56-ee6951351034/25UM1IM19577.rgb.jpg/300x300bb.jpg,https://music.apple.com/fr/album/opalite/1833328839?i=1833328845,Taylor Swift,The Life of a Showgirl,235356,2025-10-03,USUG12506438,,Pop | Musique
2026-03-29,gb,14,Pop,genre,The Fate of Ophelia,1833328840,9,9,https://is1-ssl.mzstatic.com/image/thumb/Music211/v4/2d/46/e0/2d46e0bc-8ab9-85dd-4b56-ee6951351034/25UM1IM19577.rgb.jpg/300x300bb.jpg,https://music.apple.com/gb/album/the-fate-of-ophelia/1833328839?i=1833328840,Taylor Swift,The Life of a Showgirl,226074,2025-10-03,USUG12506436,,Pop | Music
2026-03-29,gb,14,Pop,genre,Opalite,1833328845,16,16,https://is1-ssl.mzstatic.com/image/thumb/Music211/v4/2d/46/e0/2d46e0bc-8ab9-85dd-4b56-ee6951351034/25UM1IM19577.rgb.jpg/300x300bb.jpg,https://music.apple.com/gb/album/opalite/1833328839?i=1833328845,Taylor Swift,The Life of a Showgirl,235356,2025-10-03,USUG12506438,,Pop | Music
2026-03-29,gb,14,Pop,genre,Elizabeth Taylor,1833328842,59,55,https://is1-ssl.mzstatic.com/image/thumb/Music211/v4/2d/46/e0/2d46e0bc-8ab9-85dd-4b56-ee6951351034/25UM1IM19577.rgb.jpg/300x300bb.jpg,https://music.apple.com/gb/album/elizabeth-taylor/1833328839?i=1833328842,Taylor Swift,The Life of a Showgirl,208292,2025-10-03,USUG12506437,,Pop | Music
2026-03-29,gb,14,Pop,genre,Cruel Summer,1468058171,81,73,https://is1-ssl.mzstatic.com/image/thumb/Music125/v4/49/3d/ab/493dab54-f920-9043-6181-80993b8116c9/19UMGIM53909.rgb.jpg/300x300bb.jpg,https://music.apple.com/gb/album/cruel-summer/1468058165?i=1468058171,Taylor Swift,Lover,178426,2019-08-23,USUG11901472,,Pop | Music
2026-03-29,gb,6,Country,genre,Love Story,1452879748,4,6,https://is1-ssl.mzstatic.com/image/thumb/Music211/v4/9a/5b/4f/9a5b4f88-ef7e-093c-48bd-ce3fb72fa7dc/09UMGIM38836.rgb.jpg/300x300bb.jpg,https://music.apple.com/gb/album/love-story/1452879607?i=1452879748,Taylor Swift,Fearless (Platinum Edition),235280,2008-09-12,USCJY0803275,,Country | Music
2026-03-29,gb,6,Country,genre,You Belong With Me,1440925035,48,54,https://is1-ssl.mzstatic.com/image/thumb/Music221/v4/cb/6e/a7/cb6ea70a-6cb8-89a0-4da7-91e2d04a7bba/08PNDIM05386.rgb.jpg/300x300bb.jpg,https://music.apple.com/gb/album/you-belong-with-me/1440924803?i=1440925035,Taylor Swift,Fearless,231133,2008-11-11,USCJY0803328,,Country | Music | Pop | Adult Contemporary | Honky Tonk | Rock | Contemporary Country
2026-03-29,gb,6,Country,genre,Love Story (Taylor's Version),1552791427,72,75,https://is1-ssl.mzstatic.com/image/thumb/Music125/v4/c3/d0/1c/c3d01c88-73e7-187e-fd62-e1744de979a6/21UMGIM09915.rgb.jpg/300x300bb.jpg,https://music.apple.com/gb/album/love-story-taylors-version/1552791073?i=1552791427,Taylor Swift,Fearless (Taylor's Version),235767,2021-02-11,USUG12100342,,Country | Music
2026-03-29,gb,6,Country,genre,You Belong With Me (Taylor's Version),1552791558,87,88,https://is1-ssl.mzstatic.com/image/thumb/Music125/v4/c3/d0/1c/c3d01c88-73e7-187e-fd62-e1744de979a6/21UMGIM09915.rgb.jpg/300x300bb.jpg,https://music.apple.com/gb/album/you-belong-with-me-taylors-version/1552791073?i=1552791558,Taylor Swift,Fearless (Taylor's Version),231124,2021-04-09,USUG12100622,,Country | Music
2026-03-29,gb,6,Country,genre,I Knew You Were Trouble,1440935349,91,93,https://is1-ssl.mzstatic.com/image/thumb/Music221/v4/25/0d/7e/250d7e42-3a2f-19ac-f865-f1e04a4a1f97/12UMDIM01007.rgb.jpg/300x300bb.jpg,https://music.apple.com/gb/album/i-knew-you-were-trouble/1440935340?i=1440935349,Taylor Swift,Red,219721,2012-10-09,USCJY1231039,,Country | Music | Rock | Contemporary Country | Pop | Teen Pop | Honky Tonk
2026-03-29,gb,6,Country,genre,Everything Has Changed (feat. Ed Sheeran),1440935577,99,,https://is1-ssl.mzstatic.com/image/thumb/Music221/v4/25/0d/7e/250d7e42-3a2f-19ac-f865-f1e04a4a1f97/12UMDIM01007.rgb.jpg/300x300bb.jpg,https://music.apple.com/gb/album/everything-has-changed-feat-ed-sheeran/1440935340?i=1440935577,Taylor Swift,Red,245417,2012-10-22,USCJY1231044,,Country | Music | Rock | Contemporary Country | Pop | Teen Pop | Honky Tonk
2026-03-29,de,14,Pop,genre,The Fate of Ophelia,1833328840,2,2,https://is1-ssl.mzstatic.com/image/thumb/Music211/v4/2d/46/e0/2d46e0bc-8ab9-85dd-4b56-ee6951351034/25UM1IM19577.rgb.jpg/300x300bb.jpg,https://music.apple.com/de/album/the-fate-of-ophelia/1833328839?i=1833328840,Taylor Swift,The Life of a Showgirl,226074,2025-10-03,USUG12506436,,Pop | Musik
2026-03-29,de,14,Pop,genre,Opalite,1833328845,9,8,https://is1-ssl.mzstatic.com/image/thumb/Music211/v4/2d/46/e0/2d46e0bc-8ab9-85dd-4b56-ee6951351034/25UM1IM19577.rgb.jpg/300x300bb.jpg,https://music.apple.com/de/album/opalite/1833328839?i=1833328845,Taylor Swift,The Life of a Showgirl,235356,2025-10-03,USUG12506438,,Pop | Musik
2026-03-29,de,14,Pop,genre,Cruel Summer,1468058171,62,54,https://is1-ssl.mzstatic.com/image/thumb/Music125/v4/49/3d/ab/493dab54-f920-9043-6181-80993b8116c9/19UMGIM53909.rgb.jpg/300x300bb.jpg,https://music.apple.com/de/album/cruel-summer/1468058165?i=1468058171,Taylor Swift,Lover,178426,2019-08-23,USUG11901472,,Pop | Musik
2026-03-29,au,14,Pop,genre,The Fate of Ophelia,1833328840,3,4,https://is1-ssl.mzstatic.com/image/thumb/Music211/v4/2d/46/e0/2d46e0bc-8ab9-85dd-4b56-ee6951351034/25UM1IM19577.rgb.jpg/300x300bb.jpg,https://music.apple.com/au/album/the-fate-of-ophelia/1833328839?i=1833328840,Taylor Swift,The Life of a Showgirl,226074,2025-10-03,USUG12506436,,Pop | Music
2026-03-29,au,14,Pop,genre,Opalite,1833328845,9,9,https://is1-ssl.mzstatic.com/image/thumb/Music211/v4/2d/46/e0/2d46e0bc-8ab9-85dd-4b56-ee6951351034/25UM1IM19577.rgb.jpg/300x300bb.jpg,https://music.apple.com/au/album/opalite/1833328839?i=1833328845,Taylor Swift,The Life of a Showgirl,235356,2025-10-03,USUG12506438,,Pop | Music
2026-03-29,au,14,Pop,genre,Elizabeth Taylor,1833328842,30,35,https://is1-ssl.mzstatic.com/image/thumb/Music211/v4/2d/46/e0/2d46e0bc-8ab9-85dd-4b56-ee6951351034/25UM1IM19577.rgb.jpg/300x300bb.jpg,https://music.apple.com/au/album/elizabeth-taylor/1833328839?i=1833328842,Taylor Swift,The Life of a Showgirl,208292,2025-10-03,USUG12506437,,Pop | Music
2026-03-29,au,14,Pop,genre,Cruel Summer,1468058171,39,40,https://is1-ssl.mzstatic.com/image/thumb/Music125/v4/49/3d/ab/493dab54-f920-9043-6181-80993b8116c9/19UMGIM53909.rgb.jpg/300x300bb.jpg,https://music.apple.com/au/album/cruel-summer/1468058165?i=1468058171,Taylor Swift,Lover,178426,2019-08-23,USUG11901472,,Pop | Music
2026-03-29,au,14,Pop,genre,Lover,1468058173,75,81,https://is1-ssl.mzstatic.com/image/thumb/Music125/v4/49/3d/ab/493dab54-f920-9043-6181-80993b8116c9/19UMGIM53909.rgb.jpg/300x300bb.jpg,https://music.apple.com/au/album/lover/1468058165?i=1468058173,Taylor Swift,Lover,221300,2019-08-16,USUG11901473,,Pop | Music
2026-03-29,au,14,Pop,genre,The Life of a Showgirl (feat. Sabrina Carpenter),1833329007,90,,https://is1-ssl.mzstatic.com/image/thumb/Music211/v4/2d/46/e0/2d46e0bc-8ab9-85dd-4b56-ee6951351034/25UM1IM19577.rgb.jpg/300x300bb.jpg,https://music.apple.com/au/album/the-life-of-a-showgirl-feat-sabrina-carpenter/1833328839?i=1833329007,Taylor Swift,The Life of a Showgirl,241767,2025-10-03,USUG12506447,explicit,Pop | Music
2026-03-29,au,14,Pop,genre,You Need To Calm Down,1468058704,96,95,https://is1-ssl.mzstatic.com/image/thumb/Music125/v4/49/3d/ab/493dab54-f920-9043-6181-80993b8116c9/19UMGIM53909.rgb.jpg/300x300bb.jpg,https://music.apple.com/au/album/you-need-to-calm-down/1468058165?i=1468058704,Taylor Swift,Lover,171352,2019-06-14,USUG11901470,,Pop | Music
2026-03-29,au,6,Country,genre,Love Story,1452879748,25,23,https://is1-ssl.mzstatic.com/image/thumb/Music211/v4/9a/5b/4f/9a5b4f88-ef7e-093c-48bd-ce3fb72fa7dc/09UMGIM38836.rgb.jpg/300x300bb.jpg,https://music.apple.com/au/album/love-story/1452879607?i=1452879748,Taylor Swift,Fearless (Platinum Edition),235280,2008-09-12,USCJY0803275,,Country | Music
2026-03-29,ca,14,Pop,genre,The Fate of Ophelia,1833328840,2,2,https://is1-ssl.mzstatic.com/image/thumb/Music211/v4/2d/46/e0/2d46e0bc-8ab9-85dd-4b56-ee6951351034/25UM1IM19577.rgb.jpg/300x300bb.jpg,https://music.apple.com/ca/album/the-fate-of-ophelia/1833328839?i=1833328840,Taylor Swift,The Life of a Showgirl,226074,2025-10-03,USUG12506436,,Pop | Music
2026-03-29,ca,14,Pop,genre,Opalite,1833328845,5,6,https://is1-ssl.mzstatic.com/image/thumb/Music211/v4/2d/46/e0/2d46e0bc-8ab9-85dd-4b56-ee6951351034/25UM1IM19577.rgb.jpg/300x300bb.jpg,https://music.apple.com/ca/album/opalite/1833328839?i=1833328845,Taylor Swift,The Life of a Showgirl,235356,2025-10-03,USUG12506438,,Pop | Music
2026-03-29,ca,14,Pop,genre,Style,1440933520,46,48,https://is1-ssl.mzstatic.com/image/thumb/Music221/v4/a7/98/d8/a798d867-344d-2bf2-fbfe-d2d1412dcef8/14UMDIM03793.rgb.jpg/300x300bb.jpg,https://music.apple.com/ca/album/style/1440933512?i=1440933520,Taylor Swift,1989 (Deluxe Edition),231000,2014-10-27,USCJY1431319,,Pop | Music
2026-03-29,ca,14,Pop,genre,Cruel Summer,1468058171,52,50,https://is1-ssl.mzstatic.com/image/thumb/Music125/v4/49/3d/ab/493dab54-f920-9043-6181-80993b8116c9/19UMGIM53909.rgb.jpg/300x300bb.jpg,https://music.apple.com/ca/album/cruel-summer/1468058165?i=1468058171,Taylor Swift,Lover,178426,2019-08-23,USUG11901472,,Pop | Music
2026-03-29,ca,14,Pop,genre,Lover,1468058173,65,61,https://is1-ssl.mzstatic.com/image/thumb/Music125/v4/49/3d/ab/493dab54-f920-9043-6181-80993b8116c9/19UMGIM53909.rgb.jpg/300x300bb.jpg,https://music.apple.com/ca/album/lover/1468058165?i=1468058173,Taylor Swift,Lover,221300,2019-08-16,USUG11901473,,Pop | Music
2026-03-29,ca,14,Pop,genre,Father Figure,1833328847,84,75,https://is1-ssl.mzstatic.com/image/thumb/Music211/v4/2d/46/e0/2d46e0bc-8ab9-85dd-4b56-ee6951351034/25UM1IM19577.rgb.jpg/300x300bb.jpg,https://music.apple.com/ca/album/father-figure/1833328839?i=1833328847,Taylor Swift,The Life of a Showgirl,212777,2025-10-03,USUG12506439,explicit,Pop | Music
2026-03-29,ca,14,Pop,genre,Elizabeth Taylor,1833328842,91,80,https://is1-ssl.mzstatic.com/image/thumb/Music211/v4/2d/46/e0/2d46e0bc-8ab9-85dd-4b56-ee6951351034/25UM1IM19577.rgb.jpg/300x300bb.jpg,https://music.apple.com/ca/album/elizabeth-taylor/1833328839?i=1833328842,Taylor Swift,The Life of a Showgirl,208292,2025-10-03,USUG12506437,,Pop | Music
2026-03-29,ca,14,Pop,genre,The Life of a Showgirl (feat. Sabrina Carpenter),1833329007,99,100,https://is1-ssl.mzstatic.com/image/thumb/Music211/v4/2d/46/e0/2d46e0bc-8ab9-85dd-4b56-ee6951351034/25UM1IM19577.rgb.jpg/300x300bb.jpg,https://music.apple.com/ca/album/the-life-of-a-showgirl-feat-sabrina-carpenter/1833328839?i=1833329007,Taylor Swift,The Life of a Showgirl,241767,2025-10-03,USUG12506447,explicit,Pop | Music
2026-03-29,ca,6,Country,genre,You Belong With Me,1440925035,90,,https://is1-ssl.mzstatic.com/image/thumb/Music221/v4/cb/6e/a7/cb6ea70a-6cb8-89a0-4da7-91e2d04a7bba/08PNDIM05386.rgb.jpg/300x300bb.jpg,https://music.apple.com/ca/album/you-belong-with-me/1440924803?i=1440925035,Taylor Swift,Fearless,231133,2008-11-11,USCJY0803328,,Country | Music | Pop | Adult Contemporary | Honky Tonk | Rock | Contemporary Country
2026-03-29,br,14,Pop,genre,The Fate of Ophelia,1833328840,4,4,https://is1-ssl.mzstatic.com/image/thumb/Music211/v4/2d/46/e0/2d46e0bc-8ab9-85dd-4b56-ee6951351034/25UM1IM19577.rgb.jpg/300x300bb.jpg,https://music.apple.com/br/album/the-fate-of-ophelia/1833328839?i=1833328840,Taylor Swift,The Life of a Showgirl,226074,2025-10-03,USUG12506436,,Pop | Música
2026-03-29,br,14,Pop,genre,Opalite,1833328845,38,34,https://is1-ssl.mzstatic.com/image/thumb/Music211/v4/2d/46/e0/2d46e0bc-8ab9-85dd-4b56-ee6951351034/25UM1IM19577.rgb.jpg/300x300bb.jpg,https://music.apple.com/br/album/opalite/1833328839?i=1833328845,Taylor Swift,The Life of a Showgirl,235356,2025-10-03,USUG12506438,,Pop | Música
2026-03-29,br,14,Pop,genre,Cruel Summer,1468058171,83,85,https://is1-ssl.mzstatic.com/image/thumb/Music125/v4/49/3d/ab/493dab54-f920-9043-6181-80993b8116c9/19UMGIM53909.rgb.jpg/300x300bb.jpg,https://music.apple.com/br/album/cruel-summer/1468058165?i=1468058171,Taylor Swift,Lover,178426,2019-08-23,USUG11901472,,Pop | Música
2026-03-29,mx,14,Pop,genre,The Fate of Ophelia,1833328840,7,9,https://is1-ssl.mzstatic.com/image/thumb/Music211/v4/2d/46/e0/2d46e0bc-8ab9-85dd-4b56-ee6951351034/25UM1IM19577.rgb.jpg/300x300bb.jpg,https://music.apple.com/mx/album/the-fate-of-ophelia/1833328839?i=1833328840,Taylor Swift,The Life of a Showgirl,226074,2025-10-03,USUG12506436,,Pop | Música
2026-03-29,mx,14,Pop,genre,Opalite,1833328845,21,21,https://is1-ssl.mzstatic.com/image/thumb/Music211/v4/2d/46/e0/2d46e0bc-8ab9-85dd-4b56-ee6951351034/25UM1IM19577.rgb.jpg/300x300bb.jpg,https://music.apple.com/mx/album/opalite/1833328839?i=1833328845,Taylor Swift,The Life of a Showgirl,235356,2025-10-03,USUG12506438,,Pop | Música
2026-03-29,mx,14,Pop,genre,Lover,1468058173,88,82,https://is1-ssl.mzstatic.com/image/thumb/Music125/v4/49/3d/ab/493dab54-f920-9043-6181-80993b8116c9/19UMGIM53909.rgb.jpg/300x300bb.jpg,https://music.apple.com/mx/album/lover/1468058165?i=1468058173,Taylor Swift,Lover,221300,2019-08-16,USUG11901473,,Pop | Música
2026-03-29,mx,14,Pop,genre,Cruel Summer,1468058171,99,97,https://is1-ssl.mzstatic.com/image/thumb/Music125/v4/49/3d/ab/493dab54-f920-9043-6181-80993b8116c9/19UMGIM53909.rgb.jpg/300x300bb.jpg,https://music.apple.com/mx/album/cruel-summer/1468058165?i=1468058171,Taylor Swift,Lover,178426,2019-08-23,USUG11901472,,Pop | Música
2026-03-29,mx,6,Country,genre,You Belong With Me (Taylor's Version),1552791558,1,1,https://is1-ssl.mzstatic.com/image/thumb/Music125/v4/c3/d0/1c/c3d01c88-73e7-187e-fd62-e1744de979a6/21UMGIM09915.rgb.jpg/300x300bb.jpg,https://music.apple.com/mx/album/you-belong-with-me-taylors-version/1552791073?i=1552791558,Taylor Swift,Fearless (Taylor's Version),231124,2021-04-09,USUG12100622,,Country | Música
2026-03-29,mx,6,Country,genre,Love Story (Taylor's Version),1552791427,5,5,https://is1-ssl.mzstatic.com/image/thumb/Music125/v4/c3/d0/1c/c3d01c88-73e7-187e-fd62-e1744de979a6/21UMGIM09915.rgb.jpg/300x300bb.jpg,https://music.apple.com/mx/album/love-story-taylors-version/1552791073?i=1552791427,Taylor Swift,Fearless (Taylor's Version),235767,2021-02-11,USUG12100342,,Country | Música
2026-03-29,mx,6,Country,genre,The Way I Loved You (Taylor's Version),1552791761,9,9,https://is1-ssl.mzstatic.com/image/thumb/Music125/v4/c3/d0/1c/c3d01c88-73e7-187e-fd62-e1744de979a6/21UMGIM09915.rgb.jpg/300x300bb.jpg,https://music.apple.com/mx/album/the-way-i-loved-you-taylors-version/1552791073?i=1552791761,Taylor Swift,Fearless (Taylor's Version),243137,2021-04-09,USUG12100626,,Country | Música
2026-03-29,mx,6,Country,genre,Enchanted,1440920614,20,19,https://is1-ssl.mzstatic.com/image/thumb/Music221/v4/d4/23/57/d423579f-24f7-5c82-ed10-fbfd21ceef25/10UMDIM00487.rgb.jpg/300x300bb.jpg,https://music.apple.com/mx/album/enchanted/1440920310?i=1440920614,Taylor Swift,Speak Now,352187,2010-10-25,USCJY1003663,,"Country | Música | Rock | Honky Tonk

 | Country contemporáneo"
2026-03-29,mx,6,Country,genre,Mr. Perfectly Fine (Taylor's Version) [From The Vault],1552792305,23,22,https://is1-ssl.mzstatic.com/image/thumb/Music125/v4/c3/d0/1c/c3d01c88-73e7-187e-fd62-e1744de979a6/21UMGIM09915.rgb.jpg/300x300bb.jpg,https://music.apple.com/mx/album/mr-perfectly-fine-taylors-version-from-the-vault/1552791073?i=1552792305,Taylor Swift,Fearless (Taylor's Version),277592,2021-04-06,USUG12100638,,Country | Música
2026-03-29,mx,6,Country,genre,Fearless (Taylor's Version),1552791228,24,24,https://is1-ssl.mzstatic.com/image/thumb/Music125/v4/c3/d0/1c/c3d01c88-73e7-187e-fd62-e1744de979a6/21UMGIM09915.rgb.jpg/300x300bb.jpg,https://music.apple.com/mx/album/fearless-taylors-version/1552791073?i=1552791228,Taylor Swift,Fearless (Taylor's Version),241592,2021-04-09,USUG12100618,,Country | Música
2026-03-29,mx,6,Country,genre,You Belong With Me,1440925035,26,25,https://is1-ssl.mzstatic.com/image/thumb/Music221/v4/cb/6e/a7/cb6ea70a-6cb8-89a0-4da7-91e2d04a7bba/08PNDIM05386.rgb.jpg/300x300bb.jpg,https://music.apple.com/mx/album/you-belong-with-me/1440924803?i=1440925035,Taylor Swift,Fearless,231133,2008-11-11,USCJY0803328,,"Country | Música | Pop | Contemporáneo para adultos | Honky Tonk

 | Rock | Country contemporáneo"
2026-03-29,mx,6,Country,genre,I Knew You Were Trouble,1440935349,39,37,https://is1-ssl.mzstatic.com/image/thumb/Music221/v4/25/0d/7e/250d7e42-3a2f-19ac-f865-f1e04a4a1f97/12UMDIM01007.rgb.jpg/300x300bb.jpg,https://music.apple.com/mx/album/i-knew-you-were-trouble/1440935340?i=1440935349,Taylor Swift,Red,219721,2012-10-09,USCJY1231039,,"Country | Música | Rock | Country contemporáneo | Pop | Pop adolescente | Honky Tonk

"
2026-03-29,mx,6,Country,genre,Love Story,1452879748,45,39,https://is1-ssl.mzstatic.com/image/thumb/Music211/v4/9a/5b/4f/9a5b4f88-ef7e-093c-48bd-ce3fb72fa7dc/09UMGIM38836.rgb.jpg/300x300bb.jpg,https://music.apple.com/mx/album/love-story/1452879607?i=1452879748,Taylor Swift,Fearless (Platinum Edition),235280,2008-09-12,USCJY0803275,,Country | Música
2026-03-29,mx,6,Country,genre,We Are Never Ever Getting Back Together,1440935564,51,51,https://is1-ssl.mzstatic.com/image/thumb/Music221/v4/25/0d/7e/250d7e42-3a2f-19ac-f865-f1e04a4a1f97/12UMDIM01007.rgb.jpg/300x300bb.jpg,https://music.apple.com/mx/album/we-are-never-ever-getting-back-together/1440935340?i=1440935564,Taylor Swift,Red,193144,2012-08-13,USCJY1231018,,"Country | Música | Rock | Country contemporáneo | Pop | Pop adolescente | Honky Tonk

"
2026-03-29,mx,6,Country,genre,Red,1440935346,61,62,https://is1-ssl.mzstatic.com/image/thumb/Music221/v4/25/0d/7e/250d7e42-3a2f-19ac-f865-f1e04a4a1f97/12UMDIM01007.rgb.jpg/300x300bb.jpg,https://music.apple.com/mx/album/red/1440935340?i=1440935346,Taylor Swift,Red,223091,2012-10-02,USCJY1231020,,"Country | Música | Rock | Country contemporáneo | Pop | Pop adolescente | Honky Tonk

"
2026-03-29,mx,6,Country,genre,Picture to Burn,1440802687,65,60,https://is1-ssl.mzstatic.com/image/thumb/Music211/v4/69/9e/92/699e92bb-b589-27f7-bdd1-d0cdc8a061e4/08UMGIM21979.rgb.jpg/300x300bb.jpg,https://music.apple.com/mx/album/picture-to-burn/1440802681?i=1440802687,Taylor Swift,Taylor Swift (Deluxe Edition),173067,2006-10-24,USCJY0603250,,"Country | Música | Rock | Country contemporáneo | Honky Tonk

"
2026-03-29,mx,6,Country,genre,Better Than Revenge,1440920711,75,79,https://is1-ssl.mzstatic.com/image/thumb/Music221/v4/d4/23/57/d423579f-24f7-5c82-ed10-fbfd21ceef25/10UMDIM00487.rgb.jpg/300x300bb.jpg,https://music.apple.com/mx/album/better-than-revenge/1440920310?i=1440920711,Taylor Swift,Speak Now,217160,2010-10-25,USCJY1003664,,"Country | Música | Rock | Honky Tonk

 | Country contemporáneo"
2026-03-29,mx,6,Country,genre,Our Song,1440803024,83,74,https://is1-ssl.mzstatic.com/image/thumb/Music211/v4/69/9e/92/699e92bb-b589-27f7-bdd1-d0cdc8a061e4/08UMGIM21979.rgb.jpg/300x300bb.jpg,https://music.apple.com/mx/album/our-song/1440802681?i=1440803024,Taylor Swift,Taylor Swift (Deluxe Edition),201107,2006-10-24,USCJY0703142,,"Country | Música | Rock | Country contemporáneo | Honky Tonk

"
2026-03-29,mx,6,Country,genre,Untouchable (Taylor's Version),1552791979,87,70,https://is1-ssl.mzstatic.com/image/thumb/Music125/v4/c3/d0/1c/c3d01c88-73e7-187e-fd62-e1744de979a6/21UMGIM09915.rgb.jpg/300x300bb.jpg,https://music.apple.com/mx/album/untouchable-taylors-version/1552791073?i=1552791979,Taylor Swift,Fearless (Taylor's Version),312107,2021-04-09,USUG12100631,,Country | Música
2026-03-29,mx,6,Country,genre,22,1440935562,95,100,https://is1-ssl.mzstatic.com/image/thumb/Music221/v4/25/0d/7e/250d7e42-3a2f-19ac-f865-f1e04a4a1f97/12UMDIM01007.rgb.jpg/300x300bb.jpg,https://music.apple.com/mx/album/22/1440935340?i=1440935562,Taylor Swift,Red,232120,2012-10-22,USCJY1231040,,"Country | Música | Rock | Country contemporáneo | Pop | Pop adolescente | Honky Tonk

"
2026-03-29,it,14,Pop,genre,The Fate of Ophelia,1833328840,18,18,https://is1-ssl.mzstatic.com/image/thumb/Music211/v4/2d/46/e0/2d46e0bc-8ab9-85dd-4b56-ee6951351034/25UM1IM19577.rgb.jpg/300x300bb.jpg,https://music.apple.com/it/album/the-fate-of-ophelia/1833328839?i=1833328840,Taylor Swift,The Life of a Showgirl,226074,2025-10-03,USUG12506436,,Pop | Musica
2026-03-29,it,14,Pop,genre,Opalite,1833328845,86,80,https://is1-ssl.mzstatic.com/image/thumb/Music211/v4/2d/46/e0/2d46e0bc-8ab9-85dd-4b56-ee6951351034/25UM1IM19577.rgb.jpg/300x300bb.jpg,https://music.apple.com/it/album/opalite/1833328839?i=1833328845,Taylor Swift,The Life of a Showgirl,235356,2025-10-03,USUG12506438,,Pop | Musica
2026-03-29,it,6,Country,genre,Love Story (Taylor's Version),1552791427,10,11,https://is1-ssl.mzstatic.com/image/thumb/Music125/v4/c3/d0/1c/c3d01c88-73e7-187e-fd62-e1744de979a6/21UMGIM09915.rgb.jpg/300x300bb.jpg,https://music.apple.com/it/album/love-story-taylors-version/1552791073?i=1552791427,Taylor Swift,Fearless (Taylor's Version),235767,2021-02-11,USUG12100342,,Country | Musica
2026-03-29,it,6,Country,genre,You Belong With Me (Taylor's Version),1552791558,17,17,https://is1-ssl.mzstatic.com/image/thumb/Music125/v4/c3/d0/1c/c3d01c88-73e7-187e-fd62-e1744de979a6/21UMGIM09915.rgb.jpg/300x300bb.jpg,https://music.apple.com/it/album/you-belong-with-me-taylors-version/1552791073?i=1552791558,Taylor Swift,Fearless (Taylor's Version),231124,2021-04-09,USUG12100622,,Country | Musica
2026-03-29,it,6,Country,genre,Love Story,1452879748,24,22,https://is1-ssl.mzstatic.com/image/thumb/Music211/v4/9a/5b/4f/9a5b4f88-ef7e-093c-48bd-ce3fb72fa7dc/09UMGIM38836.rgb.jpg/300x300bb.jpg,https://music.apple.com/it/album/love-story/1452879607?i=1452879748,Taylor Swift,Fearless (Platinum Edition),235280,2008-09-12,USCJY0803275,,Country | Musica
2026-03-29,it,6,Country,genre,The Way I Loved You (Taylor's Version),1552791761,37,44,https://is1-ssl.mzstatic.com/image/thumb/Music125/v4/c3/d0/1c/c3d01c88-73e7-187e-fd62-e1744de979a6/21UMGIM09915.rgb.jpg/300x300bb.jpg,https://music.apple.com/it/album/the-way-i-loved-you-taylors-version/1552791073?i=1552791761,Taylor Swift,Fearless (Taylor's Version),243137,2021-04-09,USUG12100626,,Country | Musica
2026-03-29,it,6,Country,genre,I Knew You Were Trouble,1440935349,44,43,https://is1-ssl.mzstatic.com/image/thumb/Music221/v4/25/0d/7e/250d7e42-3a2f-19ac-f865-f1e04a4a1f97/12UMDIM01007.rgb.jpg/300x300bb.jpg,https://music.apple.com/it/album/i-knew-you-were-trouble/1440935340?i=1440935349,Taylor Swift,Red,219721,2012-10-09,USCJY1231039,,Country | Musica | Rock | Country contemporaneo | Pop | Teen pop | Honky-tonk
2026-03-29,it,6,Country,genre,We Are Never Ever Getting Back Together,1440935564,57,57,https://is1-ssl.mzstatic.com/image/thumb/Music221/v4/25/0d/7e/250d7e42-3a2f-19ac-f865-f1e04a4a1f97/12UMDIM01007.rgb.jpg/300x300bb.jpg,https://music.apple.com/it/album/we-are-never-ever-getting-back-together/1440935340?i=1440935564,Taylor Swift,Red,193144,2012-08-13,USCJY1231018,,Country | Musica | Rock | Country contemporaneo | Pop | Teen pop | Honky-tonk
2026-03-29,it,6,Country,genre,Fearless (Taylor's Version),1552791228,59,61,https://is1-ssl.mzstatic.com/image/thumb/Music125/v4/c3/d0/1c/c3d01c88-73e7-187e-fd62-e1744de979a6/21UMGIM09915.rgb.jpg/300x300bb.jpg,https://music.apple.com/it/album/fearless-taylors-version/1552791073?i=1552791228,Taylor Swift,Fearless (Taylor's Version),241592,2021-04-09,USUG12100618,,Country | Musica
2026-03-29,it,6,Country,genre,You Belong With Me,1440925035,79,68,https://is1-ssl.mzstatic.com/image/thumb/Music221/v4/cb/6e/a7/cb6ea70a-6cb8-89a0-4da7-91e2d04a7bba/08PNDIM05386.rgb.jpg/300x300bb.jpg,https://music.apple.com/it/album/you-belong-with-me/1440924803?i=1440925035,Taylor Swift,Fearless,231133,2008-11-11,USCJY0803328,,Country | Musica | Pop | Adult contemporary | Honky-tonk | Rock | Country contemporaneo
2026-03-29,it,6,Country,genre,22,1440935562,92,98,https://is1-ssl.mzstatic.com/image/thumb/Music221/v4/25/0d/7e/250d7e42-3a2f-19ac-f865-f1e04a4a1f97/12UMDIM01007.rgb.jpg/300x300bb.jpg,https://music.apple.com/it/album/22/1440935340?i=1440935562,Taylor Swift,Red,232120,2012-10-22,USCJY1231040,,Country | Musica | Rock | Country contemporaneo | Pop | Teen pop | Honky-tonk
2026-03-29,it,6,Country,genre,Mr. Perfectly Fine (Taylor's Version) [From The Vault],1552792305,95,,https://is1-ssl.mzstatic.com/image/thumb/Music125/v4/c3/d0/1c/c3d01c88-73e7-187e-fd62-e1744de979a6/21UMGIM09915.rgb.jpg/300x300bb.jpg,https://music.apple.com/it/album/mr-perfectly-fine-taylors-version-from-the-vault/1552791073?i=1552792305,Taylor Swift,Fearless (Taylor's Version),277592,2021-04-06,USUG12100638,,Country | Musica
2026-03-29,es,14,Pop,genre,The Fate of Ophelia,1833328840,4,4,https://is1-ssl.mzstatic.com/image/thumb/Music211/v4/2d/46/e0/2d46e0bc-8ab9-85dd-4b56-ee6951351034/25UM1IM19577.rgb.jpg/300x300bb.jpg,https://music.apple.com/es/album/the-fate-of-ophelia/1833328839?i=1833328840,Taylor Swift,The Life of a Showgirl,226074,2025-10-03,USUG12506436,,Pop | Música
2026-03-29,es,14,Pop,genre,Opalite,1833328845,21,18,https://is1-ssl.mzstatic.com/image/thumb/Music211/v4/2d/46/e0/2d46e0bc-8ab9-85dd-4b56-ee6951351034/25UM1IM19577.rgb.jpg/300x300bb.jpg,https://music.apple.com/es/album/opalite/1833328839?i=1833328845,Taylor Swift,The Life of a Showgirl,235356,2025-10-03,USUG12506438,,Pop | Música
2026-03-29,es,6,Country,genre,Love Story (Taylor's Version),1552791427,3,3,https://is1-ssl.mzstatic.com/image/thumb/Music125/v4/c3/d0/1c/c3d01c88-73e7-187e-fd62-e1744de979a6/21UMGIM09915.rgb.jpg/300x300bb.jpg,https://music.apple.com/es/album/love-story-taylors-version/1552791073?i=1552791427,Taylor Swift,Fearless (Taylor's Version),235767,2021-02-11,USUG12100342,,Country | Música
2026-03-29,es,6,Country,genre,You Belong With Me (Taylor's Version),1552791558,8,6,https://is1-ssl.mzstatic.com/image/thumb/Music125/v4/c3/d0/1c/c3d01c88-73e7-187e-fd62-e1744de979a6/21UMGIM09915.rgb.jpg/300x300bb.jpg,https://music.apple.com/es/album/you-belong-with-me-taylors-version/1552791073?i=1552791558,Taylor Swift,Fearless (Taylor's Version),231124,2021-04-09,USUG12100622,,Country | Música
2026-03-29,es,6,Country,genre,Love Story,1452879748,21,21,https://is1-ssl.mzstatic.com/image/thumb/Music211/v4/9a/5b/4f/9a5b4f88-ef7e-093c-48bd-ce3fb72fa7dc/09UMGIM38836.rgb.jpg/300x300bb.jpg,https://music.apple.com/es/album/love-story/1452879607?i=1452879748,Taylor Swift,Fearless (Platinum Edition),235280,2008-09-12,USCJY0803275,,Country | Música
2026-03-29,es,6,Country,genre,The Way I Loved You (Taylor's Version),1552791761,23,24,https://is1-ssl.mzstatic.com/image/thumb/Music125/v4/c3/d0/1c/c3d01c88-73e7-187e-fd62-e1744de979a6/21UMGIM09915.rgb.jpg/300x300bb.jpg,https://music.apple.com/es/album/the-way-i-loved-you-taylors-version/1552791073?i=1552791761,Taylor Swift,Fearless (Taylor's Version),243137,2021-04-09,USUG12100626,,Country | Música
2026-03-29,es,6,Country,genre,I Knew You Were Trouble,1440935349,25,28,https://is1-ssl.mzstatic.com/image/thumb/Music221/v4/25/0d/7e/250d7e42-3a2f-19ac-f865-f1e04a4a1f97/12UMDIM01007.rgb.jpg/300x300bb.jpg,https://music.apple.com/es/album/i-knew-you-were-trouble/1440935340?i=1440935349,Taylor Swift,Red,219721,2012-10-09,USCJY1231039,,"Country | Música | Rock | Country contemporáneo | Pop | Teen pop | Honky Tonk
"
2026-03-29,es,6,Country,genre,Fearless (Taylor's Version),1552791228,36,35,https://is1-ssl.mzstatic.com/image/thumb/Music125/v4/c3/d0/1c/c3d01c88-73e7-187e-fd62-e1744de979a6/21UMGIM09915.rgb.jpg/300x300bb.jpg,https://music.apple.com/es/album/fearless-taylors-version/1552791073?i=1552791228,Taylor Swift,Fearless (Taylor's Version),241592,2021-04-09,USUG12100618,,Country | Música
2026-03-29,es,6,Country,genre,We Are Never Ever Getting Back Together,1440935564,43,44,https://is1-ssl.mzstatic.com/image/thumb/Music221/v4/25/0d/7e/250d7e42-3a2f-19ac-f865-f1e04a4a1f97/12UMDIM01007.rgb.jpg/300x300bb.jpg,https://music.apple.com/es/album/we-are-never-ever-getting-back-together/1440935340?i=1440935564,Taylor Swift,Red,193144,2012-08-13,USCJY1231018,,"Country | Música | Rock | Country contemporáneo | Pop | Teen pop | Honky Tonk
"
2026-03-29,es,6,Country,genre,You Belong With Me,1440925035,44,42,https://is1-ssl.mzstatic.com/image/thumb/Music221/v4/cb/6e/a7/cb6ea70a-6cb8-89a0-4da7-91e2d04a7bba/08PNDIM05386.rgb.jpg/300x300bb.jpg,https://music.apple.com/es/album/you-belong-with-me/1440924803?i=1440925035,Taylor Swift,Fearless,231133,2008-11-11,USCJY0803328,,"Country | Música | Pop | Contemporánea para adultos | Honky Tonk
 | Rock | Country contemporáneo"
2026-03-29,es,6,Country,genre,Enchanted,1440920614,58,55,https://is1-ssl.mzstatic.com/image/thumb/Music221/v4/d4/23/57/d423579f-24f7-5c82-ed10-fbfd21ceef25/10UMDIM00487.rgb.jpg/300x300bb.jpg,https://music.apple.com/es/album/enchanted/1440920310?i=1440920614,Taylor Swift,Speak Now,352187,2010-10-25,USCJY1003663,,"Country | Música | Rock | Honky Tonk
 | Country contemporáneo"
2026-03-29,es,6,Country,genre,Mr. Perfectly Fine (Taylor's Version) [From The Vault],1552792305,71,78,https://is1-ssl.mzstatic.com/image/thumb/Music125/v4/c3/d0/1c/c3d01c88-73e7-187e-fd62-e1744de979a6/21UMGIM09915.rgb.jpg/300x300bb.jpg,https://music.apple.com/es/album/mr-perfectly-fine-taylors-version-from-the-vault/1552791073?i=1552792305,Taylor Swift,Fearless (Taylor's Version),277592,2021-04-06,USUG12100638,,Country | Música
2026-03-29,es,6,Country,genre,Picture to Burn,1440802687,73,70,https://is1-ssl.mzstatic.com/image/thumb/Music211/v4/69/9e/92/699e92bb-b589-27f7-bdd1-d0cdc8a061e4/08UMGIM21979.rgb.jpg/300x300bb.jpg,https://music.apple.com/es/album/picture-to-burn/1440802681?i=1440802687,Taylor Swift,Taylor Swift (Deluxe Edition),173067,2006-10-24,USCJY0603250,,"Country | Música | Rock | Country contemporáneo | Honky Tonk
"
2026-03-29,es,6,Country,genre,22,1440935562,81,82,https://is1-ssl.mzstatic.com/image/thumb/Music221/v4/25/0d/7e/250d7e42-3a2f-19ac-f865-f1e04a4a1f97/12UMDIM01007.rgb.jpg/300x300bb.jpg,https://music.apple.com/es/album/22/1440935340?i=1440935562,Taylor Swift,Red,232120,2012-10-22,USCJY1231040,,"Country | Música | Rock | Country contemporáneo | Pop | Teen pop | Honky Tonk
"
2026-03-29,es,6,Country,genre,Better Than Revenge,1440920711,84,,https://is1-ssl.mzstatic.com/image/thumb/Music221/v4/d4/23/57/d423579f-24f7-5c82-ed10-fbfd21ceef25/10UMDIM00487.rgb.jpg/300x300bb.jpg,https://music.apple.com/es/album/better-than-revenge/1440920310?i=1440920711,Taylor Swift,Speak Now,217160,2010-10-25,USCJY1003664,,"Country | Música | Rock | Honky Tonk
 | Country contemporáneo"
2026-03-29,nl,14,Pop,genre,The Fate of Ophelia,1833328840,8,8,https://is1-ssl.mzstatic.com/image/thumb/Music211/v4/2d/46/e0/2d46e0bc-8ab9-85dd-4b56-ee6951351034/25UM1IM19577.rgb.jpg/300x300bb.jpg,https://music.apple.com/nl/album/the-fate-of-ophelia/1833328839?i=1833328840,Taylor Swift,The Life of a Showgirl,226074,2025-10-03,USUG12506436,,Pop | Muziek
2026-03-29,nl,14,Pop,genre,Opalite,1833328845,37,34,https://is1-ssl.mzstatic.com/image/thumb/Music211/v4/2d/46/e0/2d46e0bc-8ab9-85dd-4b56-ee6951351034/25UM1IM19577.rgb.jpg/300x300bb.jpg,https://music.apple.com/nl/album/opalite/1833328839?i=1833328845,Taylor Swift,The Life of a Showgirl,235356,2025-10-03,USUG12506438,,Pop | Muziek
2026-03-29,nl,6,Country,genre,Love Story (Taylor's Version),1552791427,18,18,https://is1-ssl.mzstatic.com/image/thumb/Music125/v4/c3/d0/1c/c3d01c88-73e7-187e-fd62-e1744de979a6/21UMGIM09915.rgb.jpg/300x300bb.jpg,https://music.apple.com/nl/album/love-story-taylors-version/1552791073?i=1552791427,Taylor Swift,Fearless (Taylor's Version),235767,2021-02-11,USUG12100342,,Country | Muziek
2026-03-29,nl,6,Country,genre,You Belong With Me,1440925035,31,35,https://is1-ssl.mzstatic.com/image/thumb/Music221/v4/cb/6e/a7/cb6ea70a-6cb8-89a0-4da7-91e2d04a7bba/08PNDIM05386.rgb.jpg/300x300bb.jpg,https://music.apple.com/nl/album/you-belong-with-me/1440924803?i=1440925035,Taylor Swift,Fearless,231133,2008-11-11,USCJY0803328,,Country | Muziek | Pop | Adult contemporary | Honky-tonk | Rock | Hedendaagse country
2026-03-29,nl,6,Country,genre,I Knew You Were Trouble,1440935349,51,66,https://is1-ssl.mzstatic.com/image/thumb/Music221/v4/25/0d/7e/250d7e42-3a2f-19ac-f865-f1e04a4a1f97/12UMDIM01007.rgb.jpg/300x300bb.jpg,https://music.apple.com/nl/album/i-knew-you-were-trouble/1440935340?i=1440935349,Taylor Swift,Red,219721,2012-10-09,USCJY1231039,,Country | Muziek | Rock | Hedendaagse country | Pop | Tienerpop | Honky-tonk
2026-03-29,nl,6,Country,genre,Love Story,1452879748,57,68,https://is1-ssl.mzstatic.com/image/thumb/Music211/v4/9a/5b/4f/9a5b4f88-ef7e-093c-48bd-ce3fb72fa7dc/09UMGIM38836.rgb.jpg/300x300bb.jpg,https://music.apple.com/nl/album/love-story/1452879607?i=1452879748,Taylor Swift,Fearless (Platinum Edition),235280,2008-09-12,USCJY0803275,,Country | Muziek
2026-03-29,nl,6,Country,genre,You Belong With Me (Taylor's Version),1552791558,62,50,https://is1-ssl.mzstatic.com/image/thumb/Music125/v4/c3/d0/1c/c3d01c88-73e7-187e-fd62-e1744de979a6/21UMGIM09915.rgb.jpg/300x300bb.jpg,https://music.apple.com/nl/album/you-belong-with-me-taylors-version/1552791073?i=1552791558,Taylor Swift,Fearless (Taylor's Version),231124,2021-04-09,USUG12100622,,Country | Muziek
2026-03-29,se,14,Pop,genre,The Fate of Ophelia,1833328840,14,17,https://is1-ssl.mzstatic.com/image/thumb/Music211/v4/2d/46/e0/2d46e0bc-8ab9-85dd-4b56-ee6951351034/25UM1IM19577.rgb.jpg/300x300bb.jpg,https://music.apple.com/se/album/the-fate-of-ophelia/1833328839?i=1833328840,Taylor Swift,The Life of a Showgirl,226074,2025-10-03,USUG12506436,,Pop | Musik
2026-03-29,se,14,Pop,genre,Opalite,1833328845,25,28,https://is1-ssl.mzstatic.com/image/thumb/Music211/v4/2d/46/e0/2d46e0bc-8ab9-85dd-4b56-ee6951351034/25UM1IM19577.rgb.jpg/300x300bb.jpg,https://music.apple.com/se/album/opalite/1833328839?i=1833328845,Taylor Swift,The Life of a Showgirl,235356,2025-10-03,USUG12506438,,Pop | Musik
2026-03-29,se,6,Country,genre,Love Story (Taylor's Version),1552791427,25,23,https://is1-ssl.mzstatic.com/image/thumb/Music125/v4/c3/d0/1c/c3d01c88-73e7-187e-fd62-e1744de979a6/21UMGIM09915.rgb.jpg/300x300bb.jpg,https://music.apple.com/se/album/love-story-taylors-version/1552791073?i=1552791427,Taylor Swift,Fearless (Taylor's Version),235767,2021-02-11,USUG12100342,,Country | Musik
2026-03-29,se,6,Country,genre,You Belong With Me,1440925035,43,87,https://is1-ssl.mzstatic.com/image/thumb/Music221/v4/cb/6e/a7/cb6ea70a-6cb8-89a0-4da7-91e2d04a7bba/08PNDIM05386.rgb.jpg/300x300bb.jpg,https://music.apple.com/se/album/you-belong-with-me/1440924803?i=1440925035,Taylor Swift,Fearless,231133,2008-11-11,USCJY0803328,,Country | Musik | Pop | Adult Contemporary | Honky tonk | Rock | Modern country
2026-03-29,se,6,Country,genre,I Knew You Were Trouble,1440935349,61,61,https://is1-ssl.mzstatic.com/image/thumb/Music221/v4/25/0d/7e/250d7e42-3a2f-19ac-f865-f1e04a4a1f97/12UMDIM01007.rgb.jpg/300x300bb.jpg,https://music.apple.com/se/album/i-knew-you-were-trouble/1440935340?i=1440935349,Taylor Swift,Red,219721,2012-10-09,USCJY1231039,,Country | Musik | Rock | Modern country | Pop | Tonårspop | Honky tonk
