date,country,chart_type,song_name,apple_music_id,rank,previous_rank,image_url,url,artist_name
2026-03-24,us,,The Fate of Ophelia,,70,,https://is1-ssl.mzstatic.com/image/thumb/Music211/v4/2d/46/e0/2d46e0bc-8ab9-85dd-4b56-ee6951351034/25UM1IM19577.rgb.jpg/300x300bb.jpg,,
2026-03-24,fr,,The Fate of Ophelia,,77,,https://is1-ssl.mzstatic.com/image/thumb/Music211/v4/2d/46/e0/2d46e0bc-8ab9-85dd-4b56-ee6951351034/25UM1IM19577.rgb.jpg/300x300bb.jpg,,
2026-03-24,gb,,The Fate of Ophelia,,14,,https://is1-ssl.mzstatic.com/image/thumb/Music211/v4/2d/46/e0/2d46e0bc-8ab9-85dd-4b56-ee6951351034/25UM1IM19577.rgb.jpg/300x300bb.jpg,,
2026-03-24,gb,,Opalite,,22,,https://is1-ssl.mzstatic.com/image/thumb/Music211/v4/2d/46/e0/2d46e0bc-8ab9-85dd-4b56-ee6951351034/25UM1IM19577.rgb.jpg/300x300bb.jpg,,
2026-03-24,gb,,Elizabeth Taylor,,98,,https://is1-ssl.mzstatic.com/image/thumb/Music211/v4/2d/46/e0/2d46e0bc-8ab9-85dd-4b56-ee6951351034/25UM1IM19577.rgb.jpg/300x300bb.jpg,,
2026-03-24,de,,The Fate of Ophelia,,3,,https://is1-ssl.mzstatic.com/image/thumb/Music211/v4/2d/46/e0/2d46e0bc-8ab9-85dd-4b56-ee6951351034/25UM1IM19577.rgb.jpg/300x300bb.jpg,,
2026-03-24,de,,Opalite,,20,,https://is1-ssl.mzstatic.com/image/thumb/Music211/v4/2d/46/e0/2d46e0bc-8ab9-85dd-4b56-ee6951351034/25UM1IM19577.rgb.jpg/300x300bb.jpg,,
2026-03-24,au,,The Fate of Ophelia,,6,,https://is1-ssl.mzstatic.com/image/thumb/Music211/v4/2d/46/e0/2d46e0bc-8ab9-85dd-4b56-ee6951351034/25UM1IM19577.rgb.jpg/300x300bb.jpg,,
2026-03-24,au,,Opalite,,16,,https://is1-ssl.mzstatic.com/image/thumb/Music211/v4/2d/46/e0/2d46e0bc-8ab9-85dd-4b56-ee6951351034/25UM1IM19577.rgb.jpg/300x300bb.jpg,,
2026-03-24,au,,Cruel Summer,,61,,https://is1-ssl.mzstatic.com/image/thumb/Music125/v4/49/3d/ab/493dab54-f920-9043-6181-80993b8116c9/19UMGIM53909.rgb.jpg/300x300bb.jpg,,
2026-03-24,au,,Elizabeth Taylor,,67,,https://is1-ssl.mzstatic.com/image/thumb/Music211/v4/2d/46/e0/2d46e0bc-8ab9-85dd-4b56-ee6951351034/25UM1IM19577.rgb.jpg/300x300bb.jpg,,
2026-03-25,us,,The Fate of Ophelia,,69,70,https://is1-ssl.mzstatic.com/image/thumb/Music211/v4/2d/46/e0/2d46e0bc-8ab9-85dd-4b56-ee6951351034/25UM1IM19577.rgb.jpg/300x300bb.jpg,,
2026-03-25,fr,,The Fate of Ophelia,,85,77,https://is1-ssl.mzstatic.com/image/thumb/Music211/v4/2d/46/e0/2d46e0bc-8ab9-85dd-4b56-ee6951351034/25UM1IM19577.rgb.jpg/300x300bb.jpg,,
2026-03-25,gb,,The Fate of Ophelia,,14,14,https://is1-ssl.mzstatic.com/image/thumb/Music211/v4/2d/46/e0/2d46e0bc-8ab9-85dd-4b56-ee6951351034/25UM1IM19577.rgb.jpg/300x300bb.jpg,,
2026-03-25,gb,,Opalite,,24,22,https://is1-ssl.mzstatic.com/image/thumb/Music211/v4/2d/46/e0/2d46e0bc-8ab9-85dd-4b56-ee6951351034/25UM1IM19577.rgb.jpg/300x300bb.jpg,,
2026-03-25,de,,The Fate of Ophelia,,3,3,https://is1-ssl.mzstatic.com/image/thumb/Music211/v4/2d/46/e0/2d46e0bc-8ab9-85dd-4b56-ee6951351034/25UM1IM19577.rgb.jpg/300x300bb.jpg,,
2026-03-25,de,,Opalite,,24,20,https://is1-ssl.mzstatic.com/image/thumb/Music211/v4/2d/46/e0/2d46e0bc-8ab9-85dd-4b56-ee6951351034/25UM1IM19577.rgb.jpg/300x300bb.jpg,,
2026-03-25,au,,The Fate of Ophelia,,6,6,https://is1-ssl.mzstatic.com/image/thumb/Music211/v4/2d/46/e0/2d46e0bc-8ab9-85dd-4b56-ee6951351034/25UM1IM19577.rgb.jpg/300x300bb.jpg,,
2026-03-25,au,,Opalite,,13,16,https://is1-ssl.mzstatic.com/image/thumb/Music211/v4/2d/46/e0/2d46e0bc-8ab9-85dd-4b56-ee6951351034/25UM1IM19577.rgb.jpg/300x300bb.jpg,,
2026-03-25,au,,Elizabeth Taylor,,59,67,https://is1-ssl.mzstatic.com/image/thumb/Music211/v4/2d/46/e0/2d46e0bc-8ab9-85dd-4b56-ee6951351034/25UM1IM19577.rgb.jpg/300x300bb.jpg,,
2026-03-25,au,,Cruel Summer,,65,61,https://is1-ssl.mzstatic.com/image/thumb/Music125/v4/49/3d/ab/493dab54-f920-9043-6181-80993b8116c9/19UMGIM53909.rgb.jpg/300x300bb.jpg,,
2026-03-26,us,,The Fate of Ophelia,,71,69,https://is1-ssl.mzstatic.com/image/thumb/Music211/v4/2d/46/e0/2d46e0bc-8ab9-85dd-4b56-ee6951351034/25UM1IM19577.rgb.jpg/300x300bb.jpg,,
2026-03-26,fr,,The Fate of Ophelia,,71,85,https://is1-ssl.mzstatic.com/image/thumb/Music211/v4/2d/46/e0/2d46e0bc-8ab9-85dd-4b56-ee6951351034/25UM1IM19577.rgb.jpg/300x300bb.jpg,,
2026-03-26,gb,,The Fate of Ophelia,,14,14,https://is1-ssl.mzstatic.com/image/thumb/Music211/v4/2d/46/e0/2d46e0bc-8ab9-85dd-4b56-ee6951351034/25UM1IM19577.rgb.jpg/300x300bb.jpg,,
2026-03-26,gb,,Opalite,,22,24,https://is1-ssl.mzstatic.com/image/thumb/Music211/v4/2d/46/e0/2d46e0bc-8ab9-85dd-4b56-ee6951351034/25UM1IM19577.rgb.jpg/300x300bb.jpg,,
2026-03-26,gb,,Elizabeth Taylor,,88,,https://is1-ssl.mzstatic.com/image/thumb/Music211/v4/2d/46/e0/2d46e0bc-8ab9-85dd-4b56-ee6951351034/25UM1IM19577.rgb.jpg/300x300bb.jpg,,
2026-03-26,de,,The Fate of Ophelia,,3,3,https://is1-ssl.mzstatic.com/image/thumb/Music211/v4/2d/46/e0/2d46e0bc-8ab9-85dd-4b56-ee6951351034/25UM1IM19577.rgb.jpg/300x300bb.jpg,,
2026-03-26,de,,Opalite,,19,24,https://is1-ssl.mzstatic.com/image/thumb/Music211/v4/2d/46/e0/2d46e0bc-8ab9-85dd-4b56-ee6951351034/25UM1IM19577.rgb.jpg/300x300bb.jpg,,
2026-03-26,au,,The Fate of Ophelia,,6,6,https://is1-ssl.mzstatic.com/image/thumb/Music211/v4/2d/46/e0/2d46e0bc-8ab9-85dd-4b56-ee6951351034/25UM1IM19577.rgb.jpg/300x300bb.jpg,,
2026-03-26,au,,Opalite,,14,13,https://is1-ssl.mzstatic.com/image/thumb/Music211/v4/2d/46/e0/2d46e0bc-8ab9-85dd-4b56-ee6951351034/25UM1IM19577.rgb.jpg/300x300bb.jpg,,
2026-03-26,au,,Elizabeth Taylor,,57,59,https://is1-ssl.mzstatic.com/image/thumb/Music211/v4/2d/46/e0/2d46e0bc-8ab9-85dd-4b56-ee6951351034/25UM1IM19577.rgb.jpg/300x300bb.jpg,,
2026-03-26,au,,Cruel Summer,,72,65,https://is1-ssl.mzstatic.com/image/thumb/Music125/v4/49/3d/ab/493dab54-f920-9043-6181-80993b8116c9/19UMGIM53909.rgb.jpg/300x300bb.jpg,,
2026-03-27,us,country,The Fate of Ophelia,1833328840,70,71,https://is1-ssl.mzstatic.com/image/thumb/Music211/v4/2d/46/e0/2d46e0bc-8ab9-85dd-4b56-ee6951351034/25UM1IM19577.rgb.jpg/300x300bb.jpg,https://music.apple.com/us/album/the-fate-of-ophelia/1833328839?i=1833328840,Taylor Swift
2026-03-27,fr,country,The Fate of Ophelia,1833328840,92,71,https://is1-ssl.mzstatic.com/image/thumb/Music211/v4/2d/46/e0/2d46e0bc-8ab9-85dd-4b56-ee6951351034/25UM1IM19577.rgb.jpg/300x300bb.jpg,https://music.apple.com/fr/album/the-fate-of-ophelia/1833328839?i=1833328840,Taylor Swift
2026-03-27,gb,country,The Fate of Ophelia,1833328840,13,14,https://is1-ssl.mzstatic.com/image/thumb/Music211/v4/2d/46/e0/2d46e0bc-8ab9-85dd-4b56-ee6951351034/25UM1IM19577.rgb.jpg/300x300bb.jpg,https://music.apple.com/gb/album/the-fate-of-ophelia/1833328839?i=1833328840,Taylor Swift
2026-03-27,gb,country,Opalite,1833328845,23,22,https://is1-ssl.mzstatic.com/image/thumb/Music211/v4/2d/46/e0/2d46e0bc-8ab9-85dd-4b56-ee6951351034/25UM1IM19577.rgb.jpg/300x300bb.jpg,https://music.apple.com/gb/album/opalite/1833328839?i=1833328845,Taylor Swift
2026-03-27,gb,country,Elizabeth Taylor,1833328842,97,88,https://is1-ssl.mzstatic.com/image/thumb/Music211/v4/2d/46/e0/2d46e0bc-8ab9-85dd-4b56-ee6951351034/25UM1IM19577.rgb.jpg/300x300bb.jpg,https://music.apple.com/gb/album/elizabeth-taylor/1833328839?i=1833328842,Taylor Swift
2026-03-27,de,country,The Fate of Ophelia,1833328840,3,3,https://is1-ssl.mzstatic.com/image/thumb/Music211/v4/2d/46/e0/2d46e0bc-8ab9-85dd-4b56-ee6951351034/25UM1IM19577.rgb.jpg/300x300bb.jpg,https://music.apple.com/de/album/the-fate-of-ophelia/1833328839?i=1833328840,Taylor Swift
2026-03-27,de,country,Opalite,1833328845,19,19,https://is1-ssl.mzstatic.com/image/thumb/Music211/v4/2d/46/e0/2d46e0bc-8ab9-85dd-4b56-ee6951351034/25UM1IM19577.rgb.jpg/300x300bb.jpg,https://music.apple.com/de/album/opalite/1833328839?i=1833328845,Taylor Swift
2026-03-27,au,country,The Fate of Ophelia,1833328840,6,6,https://is1-ssl.mzstatic.com/image/thumb/Music211/v4/2d/46/e0/2d46e0bc-8ab9-85dd-4b56-ee6951351034/25UM1IM19577.rgb.jpg/300x300bb.jpg,https://music.apple.com/au/album/the-fate-of-ophelia/1833328839?i=1833328840,Taylor Swift
2026-03-27,au,country,Opalite,1833328845,12,14,https://is1-ssl.mzstatic.com/image/thumb/Music211/v4/2d/46/e0/2d46e0bc-8ab9-85dd-4b56-ee6951351034/25UM1IM19577.rgb.jpg/300x300bb.jpg,https://music.apple.com/au/album/opalite/1833328839?i=1833328845,Taylor Swift
2026-03-27,au,country,Elizabeth Taylor,1833328842,53,57,https://is1-ssl.mzstatic.com/image/thumb/Music211/v4/2d/46/e0/2d46e0bc-8ab9-85dd-4b56-ee6951351034/25UM1IM19577.rgb.jpg/300x300bb.jpg,https://music.apple.com/au/album/elizabeth-taylor/1833328839?i=1833328842,Taylor Swift
2026-03-27,au,country,Cruel Summer,1468058171,65,72,https://is1-ssl.mzstatic.com/image/thumb/Music125/v4/49/3d/ab/493dab54-f920-9043-6181-80993b8116c9/19UMGIM53909.rgb.jpg/300x300bb.jpg,https://music.apple.com/au/album/cruel-summer/1468058165?i=1468058171,Taylor Swift
2026-03-28,us,country,The Fate of Ophelia,1833328840,57,70,https://is1-ssl.mzstatic.com/image/thumb/Music211/v4/2d/46/e0/2d46e0bc-8ab9-85dd-4b56-ee6951351034/25UM1IM19577.rgb.jpg/300x300bb.jpg,https://music.apple.com/us/album/the-fate-of-ophelia/1833328839?i=1833328840,Taylor Swift
2026-03-28,fr,country,The Fate of Ophelia,1833328840,88,92,https://is1-ssl.mzstatic.com/image/thumb/Music211/v4/2d/46/e0/2d46e0bc-8ab9-85dd-4b56-ee6951351034/25UM1IM19577.rgb.jpg/300x300bb.jpg,https://music.apple.com/fr/album/the-fate-of-ophelia/1833328839?i=1833328840,Taylor Swift
2026-03-28,gb,country,The Fate of Ophelia,1833328840,12,13,https://is1-ssl.mzstatic.com/image/thumb/Music211/v4/2d/46/e0/2d46e0bc-8ab9-85dd-4b56-ee6951351034/25UM1IM19577.rgb.jpg/300x300bb.jpg,https://music.apple.com/gb/album/the-fate-of-ophelia/1833328839?i=1833328840,Taylor Swift
2026-03-28,gb,country,Opalite,1833328845,19,23,https://is1-ssl.mzstatic.com/image/thumb/Music211/v4/2d/46/e0/2d46e0bc-8ab9-85dd-4b56-ee6951351034/25UM1IM19577.rgb.jpg/300x300bb.jpg,https://music.apple.com/gb/album/opalite/1833328839?i=1833328845,Taylor Swift
2026-03-28,gb,country,Elizabeth Taylor,1833328842,83,97,https://is1-ssl.mzstatic.com/image/thumb/Music211/v4/2d/46/e0/2d46e0bc-8ab9-85dd-4b56-ee6951351034/25UM1IM19577.rgb.jpg/300x300bb.jpg,https://music.apple.com/gb/album/elizabeth-taylor/1833328839?i=1833328842,Taylor Swift
2026-03-28,de,country,The Fate of Ophelia,1833328840,2,3,https://is1-ssl.mzstatic.com/image/thumb/Music211/v4/2d/46/e0/2d46e0bc-8ab9-85dd-4b56-ee6951351034/25UM1IM19577.rgb.jpg/300x300bb.jpg,https://music.apple.com/de/album/the-fate-of-ophelia/1833328839?i=1833328840,Taylor Swift
2026-03-28,de,country,Opalite,1833328845,13,19,https://is1-ssl.mzstatic.com/image/thumb/Music211/v4/2d/46/e0/2d46e0bc-8ab9-85dd-4b56-ee6951351034/25UM1IM19577.rgb.jpg/300x300bb.jpg,https://music.apple.com/de/album/opalite/1833328839?i=1833328845,Taylor Swift
2026-03-28,au,country,The Fate of Ophelia,1833328840,6,6,https://is1-ssl.mzstatic.com/image/thumb/Music211/v4/2d/46/e0/2d46e0bc-8ab9-85dd-4b56-ee6951351034/25UM1IM19577.rgb.jpg/300x300bb.jpg,https://music.apple.com/au/album/the-fate-of-ophelia/1833328839?i=1833328840,Taylor Swift
2026-03-28,au,country,Opalite,1833328845,13,12,https://is1-ssl.mzstatic.com/image/thumb/Music211/v4/2d/46/e0/2d46e0bc-8ab9-85dd-4b56-ee6951351034/25UM1IM19577.rgb.jpg/300x300bb.jpg,https://music.apple.com/au/album/opalite/1833328839?i=1833328845,Taylor Swift
2026-03-28,au,country,Elizabeth Taylor,1833328842,57,53,https://is1-ssl.mzstatic.com/image/thumb/Music211/v4/2d/46/e0/2d46e0bc-8ab9-85dd-4b56-ee6951351034/25UM1IM19577.rgb.jpg/300x300bb.jpg,https://music.apple.com/au/album/elizabeth-taylor/1833328839?i=1833328842,Taylor Swift
2026-03-28,au,country,Cruel Summer,1468058171,64,65,https://is1-ssl.mzstatic.com/image/thumb/Music125/v4/49/3d/ab/493dab54-f920-9043-6181-80993b8116c9/19UMGIM53909.rgb.jpg/300x300bb.jpg,https://music.apple.com/au/album/cruel-summer/1468058165?i=1468058171,Taylor Swift
2026-03-28,ca,country,The Fate of Ophelia,1833328840,7,,https://is1-ssl.mzstatic.com/image/thumb/Music211/v4/2d/46/e0/2d46e0bc-8ab9-85dd-4b56-ee6951351034/25UM1IM19577.rgb.jpg/300x300bb.jpg,https://music.apple.com/ca/album/the-fate-of-ophelia/1833328839?i=1833328840,Taylor Swift
2026-03-28,ca,country,Opalite,1833328845,16,,https://is1-ssl.mzstatic.com/image/thumb/Music211/v4/2d/46/e0/2d46e0bc-8ab9-85dd-4b56-ee6951351034/25UM1IM19577.rgb.jpg/300x300bb.jpg,https://music.apple.com/ca/album/opalite/1833328839?i=1833328845,Taylor Swift
2026-03-28,br,country,The Fate of Ophelia,1833328840,5,,https://is1-ssl.mzstatic.com/image/thumb/Music211/v4/2d/46/e0/2d46e0bc-8ab9-85dd-4b56-ee6951351034/25UM1IM19577.rgb.jpg/300x300bb.jpg,https://music.apple.com/br/album/the-fate-of-ophelia/1833328839?i=1833328840,Taylor Swift
2026-03-28,br,country,Opalite,1833328845,54,,https://is1-ssl.mzstatic.com/image/thumb/Music211/v4/2d/46/e0/2d46e0bc-8ab9-85dd-4b56-ee6951351034/25UM1IM19577.rgb.jpg/300x300bb.jpg,https://music.apple.com/br/album/opalite/1833328839?i=1833328845,Taylor Swift
2026-03-28,it,country,The Fate of Ophelia,1833328840,39,,https://is1-ssl.mzstatic.com/image/thumb/Music211/v4/2d/46/e0/2d46e0bc-8ab9-85dd-4b56-ee6951351034/25UM1IM19577.rgb.jpg/300x300bb.jpg,https://music.apple.com/it/album/the-fate-of-ophelia/1833328839?i=1833328840,Taylor Swift
2026-03-28,es,country,The Fate of Ophelia,1833328840,28,,https://is1-ssl.mzstatic.com/image/thumb/Music211/v4/2d/46/e0/2d46e0bc-8ab9-85dd-4b56-ee6951351034/25UM1IM19577.rgb.jpg/300x300bb.jpg,https://music.apple.com/es/album/the-fate-of-ophelia/1833328839?i=1833328840,Taylor Swift
2026-03-28,nl,country,The Fate of Ophelia,1833328840,8,,https://is1-ssl.mzstatic.com/image/thumb/Music211/v4/2d/46/e0/2d46e0bc-8ab9-85dd-4b56-ee6951351034/25UM1IM19577.rgb.jpg/300x300bb.jpg,https://music.apple.com/nl/album/the-fate-of-ophelia/1833328839?i=1833328840,Taylor Swift
2026-03-28,nl,country,Opalite,1833328845,43,,https://is1-ssl.mzstatic.com/image/thumb/Music211/v4/2d/46/e0/2d46e0bc-8ab9-85dd-4b56-ee6951351034/25UM1IM19577.rgb.jpg/300x300bb.jpg,https://music.apple.com/nl/album/opalite/1833328839?i=1833328845,Taylor Swift
2026-03-28,se,country,The Fate of Ophelia,1833328840,17,,https://is1-ssl.mzstatic.com/image/thumb/Music211/v4/2d/46/e0/2d46e0bc-8ab9-85dd-4b56-ee6951351034/25UM1IM19577.rgb.jpg/300x300bb.jpg,https://music.apple.com/se/album/the-fate-of-ophelia/1833328839?i=1833328840,Taylor Swift
2026-03-28,se,country,Opalite,1833328845,30,,https://is1-ssl.mzstatic.com/image/thumb/Music211/v4/2d/46/e0/2d46e0bc-8ab9-85dd-4b56-ee6951351034/25UM1IM19577.rgb.jpg/300x300bb.jpg,https://music.apple.com/se/album/opalite/1833328839?i=1833328845,Taylor Swift
2026-03-29,us,country,The Fate of Ophelia,1833328840,76,57,https://is1-ssl.mzstatic.com/image/thumb/Music211/v4/2d/46/e0/2d46e0bc-8ab9-85dd-4b56-ee6951351034/25UM1IM19577.rgb.jpg/300x300bb.jpg,https://music.apple.com/us/album/the-fate-of-ophelia/1833328839?i=1833328840,Taylor Swift
2026-03-29,fr,country,The Fate of Ophelia,1833328840,94,88,https://is1-ssl.mzstatic.com/image/thumb/Music211/v4/2d/46/e0/2d46e0bc-8ab9-85dd-4b56-ee6951351034/25UM1IM19577.rgb.jpg/300x300bb.jpg,https://music.apple.com/fr/album/the-fate-of-ophelia/1833328839?i=1833328840,Taylor Swift
2026-03-29,gb,country,The Fate of Ophelia,1833328840,12,12,https://is1-ssl.mzstatic.com/image/thumb/Music211/v4/2d/46/e0/2d46e0bc-8ab9-85dd-4b56-ee6951351034/25UM1IM19577.rgb.jpg/300x300bb.jpg,https://music.apple.com/gb/album/the-fate-of-ophelia/1833328839?i=1833328840,Taylor Swift
2026-03-29,gb,country,Opalite,1833328845,20,19,https://is1-ssl.mzstatic.com/image/thumb/Music211/v4/2d/46/e0/2d46e0bc-8ab9-85dd-4b56-ee6951351034/25UM1IM19577.rgb.jpg/300x300bb.jpg,https://music.apple.com/gb/album/opalite/1833328839?i=1833328845,Taylor Swift
2026-03-29,gb,country,Elizabeth Taylor,1833328842,97,83,https://is1-ssl.mzstatic.com/image/thumb/Music211/v4/2d/46/e0/2d46e0bc-8ab9-85dd-4b56-ee6951351034/25UM1IM19577.rgb.jpg/300x300bb.jpg,https://music.apple.com/gb/album/elizabeth-taylor/1833328839?i=1833328842,Taylor Swift
2026-03-29,de,country,The Fate of Ophelia,1833328840,2,2,https://is1-ssl.mzstatic.com/image/thumb/Music211/v4/2d/46/e0/2d46e0bc-8ab9-85dd-4b56-ee6951351034/25UM1IM19577.rgb.jpg/300x300bb.jpg,https://music.apple.com/de/album/the-fate-of-ophelia/1833328839?i=1833328840,Taylor Swift
2026-03-29,de,country,Opalite,1833328845,13,13,https://is1-ssl.mzstatic.com/image/thumb/Music211/v4/2d/46/e0/2d46e0bc-8ab9-85dd-4b56-ee6951351034/25UM1IM19577.rgb.jpg/300x300bb.jpg,https://music.apple.com/de/album/opalite/1833328839?i=1833328845,Taylor Swift
2026-03-29,au,country,The Fate of Ophelia,1833328840,5,6,https://is1-ssl.mzstatic.com/image/thumb/Music211/v4/2d/46/e0/2d46e0bc-8ab9-85dd-4b56-ee6951351034/25UM1IM19577.rgb.jpg/300x300bb.jpg,https://music.apple.com/au/album/the-fate-of-ophelia/1833328839?i=1833328840,Taylor Swift
2026-03-29,au,country,Opalite,1833328845,13,13,https://is1-ssl.mzstatic.com/image/thumb/Music211/v4/2d/46/e0/2d46e0bc-8ab9-85dd-4b56-ee6951351034/25UM1IM19577.rgb.jpg/300x300bb.jpg,https://music.apple.com/au/album/opalite/1833328839?i=1833328845,Taylor Swift
2026-03-29,au,country,Elizabeth Taylor,1833328842,55,57,https://is1-ssl.mzstatic.com/image/thumb/Music211/v4/2d/46/e0/2d46e0bc-8ab9-85dd-4b56-ee6951351034/25UM1IM19577.rgb.jpg/300x300bb.jpg,https://music.apple.com/au/album/elizabeth-taylor/1833328839?i=1833328842,Taylor Swift
2026-03-29,au,country,Cruel Summer,1468058171,66,64,https://is1-ssl.mzstatic.com/image/thumb/Music125/v4/49/3d/ab/493dab54-f920-9043-6181-80993b8116c9/19UMGIM53909.rgb.jpg/300x300bb.jpg,https://music.apple.com/au/album/cruel-summer/1468058165?i=1468058171,Taylor Swift
2026-03-29,ca,country,The Fate of Ophelia,1833328840,7,7,https://is1-ssl.mzstatic.com/image/thumb/Music211/v4/2d/46/e0/2d46e0bc-8ab9-85dd-4b56-ee6951351034/25UM1IM19577.rgb.jpg/300x300bb.jpg,https://music.apple.com/ca/album/the-fate-of-ophelia/1833328839?i=1833328840,Taylor Swift
2026-03-29,ca,country,Opalite,1833328845,17,16,https://is1-ssl.mzstatic.com/image/thumb/Music211/v4/2d/46/e0/2d46e0bc-8ab9-85dd-4b56-ee6951351034/25UM1IM19577.rgb.jpg/300x300bb.jpg,https://music.apple.com/ca/album/opalite/1833328839?i=1833328845,Taylor Swift
2026-03-29,br,country,The Fate of Ophelia,1833328840,6,5,https://is1-ssl.mzstatic.com/image/thumb/Music211/v4/2d/46/e0/2d46e0bc-8ab9-85dd-4b56-ee6951351034/25UM1IM19577.rgb.jpg/300x300bb.jpg,https://music.apple.com/br/album/the-fate-of-ophelia/1833328839?i=1833328840,Taylor Swift
2026-03-29,br,country,Opalite,1833328845,69,54,https://is1-ssl.mzstatic.com/image/thumb/Music211/v4/2d/46/e0/2d46e0bc-8ab9-85dd-4b56-ee6951351034/25UM1IM19577.rgb.jpg/300x300bb.jpg,https://music.apple.com/br/album/opalite/1833328839?i=1833328845,Taylor Swift
2026-03-29,it,country,The Fate of Ophelia,1833328840,41,39,https://is1-ssl.mzstatic.com/image/thumb/Music211/v4/2d/46/e0/2d46e0bc-8ab9-85dd-4b56-ee6951351034/25UM1IM19577.rgb.jpg/300x300bb.jpg,https://music.apple.com/it/album/the-fate-of-ophelia/1833328839?i=1833328840,Taylor Swift
2026-03-29,es,country,The Fate of Ophelia,1833328840,30,28,https://is1-ssl.mzstatic.com/image/thumb/Music211/v4/2d/46/e0/2d46e0bc-8ab9-85dd-4b56-ee6951351034/25UM1IM19577.rgb.jpg/300x300bb.jpg,https://music.apple.com/es/album/the-fate-of-ophelia/1833328839?i=1833328840,Taylor Swift
2026-03-29,nl,country,The Fate of Ophelia,1833328840,9,8,https://is1-ssl.mzstatic.com/image/thumb/Music211/v4/2d/46/e0/2d46e0bc-8ab9-85dd-4b56-ee6951351034/25UM1IM19577.rgb.jpg/300x300bb.jpg,https://music.apple.com/nl/album/the-fate-of-ophelia/1833328839?i=1833328840,Taylor Swift
2026-03-29,nl,country,Opalite,1833328845,58,43,https://is1-ssl.mzstatic.com/image/thumb/Music211/v4/2d/46/e0/2d46e0bc-8ab9-85dd-4b56-ee6951351034/25UM1IM19577.rgb.jpg/300x300bb.jpg,https://music.apple.com/nl/album/opalite/1833328839?i=1833328845,Taylor Swift
2026-03-29,se,country,The Fate of Ophelia,1833328840,15,17,https://is1-ssl.mzstatic.com/image/thumb/Music211/v4/2d/46/e0/2d46e0bc-8ab9-85dd-4b56-ee6951351034/25UM1IM19577.rgb.jpg/300x300bb.jpg,https://music.apple.com/se/album/the-fate-of-ophelia/1833328839?i=1833328840,Taylor Swift
2026-03-29,se,country,Opalite,1833328845,30,30,https://is1-ssl.mzstatic.com/image/thumb/Music211/v4/2d/46/e0/2d46e0bc-8ab9-85dd-4b56-ee6951351034/25UM1IM19577.rgb.jpg/300x300bb.jpg,https://music.apple.com/se/album/opalite/1833328839?i=1833328845,Taylor Swift
2026-03-30,us,country,The Fate of Ophelia,1833328840,86,76,https://is1-ssl.mzstatic.com/image/thumb/Music211/v4/2d/46/e0/2d46e0bc-8ab9-85dd-4b56-ee6951351034/25UM1IM19577.rgb.jpg/300x300bb.jpg,https://music.apple.com/us/album/the-fate-of-ophelia/1833328839?i=1833328840,Taylor Swift
2026-03-30,fr,country,The Fate of Ophelia,1833328840,91,94,https://is1-ssl.mzstatic.com/image/thumb/Music211/v4/2d/46/e0/2d46e0bc-8ab9-85dd-4b56-ee6951351034/25UM1IM19577.rgb.jpg/300x300bb.jpg,https://music.apple.com/fr/album/the-fate-of-ophelia/1833328839?i=1833328840,Taylor Swift
2026-03-30,gb,country,The Fate of Ophelia,1833328840,12,12,https://is1-ssl.mzstatic.com/image/thumb/Music211/v4/2d/46/e0/2d46e0bc-8ab9-85dd-4b56-ee6951351034/25UM1IM19577.rgb.jpg/300x300bb.jpg,https://music.apple.com/gb/album/the-fate-of-ophelia/1833328839?i=1833328840,Taylor Swift
2026-03-30,gb,country,Opalite,1833328845,22,20,https://is1-ssl.mzstatic.com/image/thumb/Music211/v4/2d/46/e0/2d46e0bc-8ab9-85dd-4b56-ee6951351034/25UM1IM19577.rgb.jpg/300x300bb.jpg,https://music.apple.com/gb/album/opalite/1833328839?i=1833328845,Taylor Swift
2026-03-30,gb,country,Elizabeth Taylor,1833328842,100,97,https://is1-ssl.mzstatic.com/image/thumb/Music211/v4/2d/46/e0/2d46e0bc-8ab9-85dd-4b56-ee6951351034/25UM1IM19577.rgb.jpg/300x300bb.jpg,https://music.apple.com/gb/album/elizabeth-taylor/1833328839?i=1833328842,Taylor Swift
2026-03-30,de,country,The Fate of Ophelia,1833328840,2,2,https://is1-ssl.mzstatic.com/image/thumb/Music211/v4/2d/46/e0/2d46e0bc-8ab9-85dd-4b56-ee6951351034/25UM1IM19577.rgb.jpg/300x300bb.jpg,https://music.apple.com/de/album/the-fate-of-ophelia/1833328839?i=1833328840,Taylor Swift
2026-03-30,de,country,Opalite,1833328845,16,13,https://is1-ssl.mzstatic.com/image/thumb/Music211/v4/2d/46/e0/2d46e0bc-8ab9-85dd-4b56-ee6951351034/25UM1IM19577.rgb.jpg/300x300bb.jpg,https://music.apple.com/de/album/opalite/1833328839?i=1833328845,Taylor Swift
2026-03-30,au,country,The Fate of Ophelia,1833328840,6,5,https://is1-ssl.mzstatic.com/image/thumb/Music211/v4/2d/46/e0/2d46e0bc-8ab9-85dd-4b56-ee6951351034/25UM1IM19577.rgb.jpg/300x300bb.jpg,https://music.apple.com/au/album/the-fate-of-ophelia/1833328839?i=1833328840,Taylor Swift
2026-03-30,au,country,Opalite,1833328845,13,13,https://is1-ssl.mzstatic.com/image/thumb/Music211/v4/2d/46/e0/2d46e0bc-8ab9-85dd-4b56-ee6951351034/25UM1IM19577.rgb.jpg/300x300bb.jpg,https://music.apple.com/au/album/opalite/1833328839?i=1833328845,Taylor Swift
2026-03-30,au,country,Elizabeth Taylor,1833328842,60,55,https://is1-ssl.mzstatic.com/image/thumb/Music211/v4/2d/46/e0/2d46e0bc-8ab9-85dd-4b56-ee6951351034/25UM1IM19577.rgb.jpg/300x300bb.jpg,https://music.apple.com/au/album/elizabeth-taylor/1833328839?i=1833328842,Taylor Swift
2026-03-30,au,country,Cruel Summer,1468058171,74,66,https://is1-ssl.mzstatic.com/image/thumb/Music125/v4/49/3d/ab/493dab54-f920-9043-6181-80993b8116c9/19UMGIM53909.rgb.jpg/300x300bb.jpg,https://music.apple.com/au/album/cruel-summer/1468058165?i=1468058171,Taylor Swift
2026-03-30,ca,country,The Fate of Ophelia,1833328840,8,7,https://is1-ssl.mzstatic.com/image/thumb/Music211/v4/2d/46/e0/2d46e0bc-8ab9-85dd-4b56-ee6951351034/25UM1IM19577.rgb.jpg/300x300bb.jpg,https://music.apple.com/ca/album/the-fate-of-ophelia/1833328839?i=1833328840,Taylor Swift
2026-03-30,ca,country,Opalite,1833328845,22,17,https://is1-ssl.mzstatic.com/image/thumb/Music211/v4/2d/46/e0/2d46e0bc-8ab9-85dd-4b56-ee6951351034/25UM1IM19577.rgb.jpg/300x300bb.jpg,https://music.apple.com/ca/album/opalite/1833328839?i=1833328845,Taylor Swift
2026-03-30,br,country,The Fate of Ophelia,1833328840,6,6,https://is1-ssl.mzstatic.com/image/thumb/Music211/v4/2d/46/e0/2d46e0bc-8ab9-85dd-4b56-ee6951351034/25UM1IM19577.rgb.jpg/300x300bb.jpg,https://music.apple.com/br/album/the-fate-of-ophelia/1833328839?i=1833328840,Taylor Swift
2026-03-30,br,country,Opalite,1833328845,64,69,https://is1-ssl.mzstatic.com/image/thumb/Music211/v4/2d/46/e0/2d46e0bc-8ab9-85dd-4b56-ee6951351034/25UM1IM19577.rgb.jpg/300x300bb.jpg,https://music.apple.com/br/album/opalite/1833328839?i=1833328845,Taylor Swift
2026-03-30,it,country,The Fate of Ophelia,1833328840,44,41,https://is1-ssl.mzstatic.com/image/thumb/Music211/v4/2d/46/e0/2d46e0bc-8ab9-85dd-4b56-ee6951351034/25UM1IM19577.rgb.jpg/300x300bb.jpg,https://music.apple.com/it/album/the-fate-of-ophelia/1833328839?i=1833328840,Taylor Swift
2026-03-30,es,country,The Fate of Ophelia,1833328840,28,30,https://is1-ssl.mzstatic.com/image/thumb/Music211/v4/2d/46/e0/2d46e0bc-8ab9-85dd-4b56-ee6951351034/25UM1IM19577.rgb.jpg/300x300bb.jpg,https://music.apple.com/es/album/the-fate-of-ophelia/1833328839?i=1833328840,Taylor Swift
2026-03-30,nl,country,The Fate of Ophelia,1833328840,19,9,https://is1-ssl.mzstatic.com/image/thumb/Music211/v4/2d/46/e0/2d46e0bc-8ab9-85dd-4b56-ee6951351034/25UM1IM19577.rgb.jpg/300x300bb.jpg,https://music.apple.com/nl/album/the-fate-of-ophelia/1833328839?i=1833328840,Taylor Swift
2026-03-30,nl,country,Opalite,1833328845,60,58,https://is1-ssl.mzstatic.com/image/thumb/Music211/v4/2d/46/e0/2d46e0bc-8ab9-85dd-4b56-ee6951351034/25UM1IM19577.rgb.jpg/300x300bb.jpg,https://music.apple.com/nl/album/opalite/1833328839?i=1833328845,Taylor Swift
2026-03-30,se,country,The Fate of Ophelia,1833328840,12,15,https://is1-ssl.mzstatic.com/image/thumb/Music211/v4/2d/46/e0/2d46e0bc-8ab9-85dd-4b56-ee6951351034/25UM1IM19577.rgb.jpg/300x300bb.jpg,https://music.apple.com/se/album/the-fate-of-ophelia/1833328839?i=1833328840,Taylor Swift
2026-03-30,se,country,Opalite,1833328845,41,30,https://is1-ssl.mzstatic.com/image/thumb/Music211/v4/2d/46/e0/2d46e0bc-8ab9-85dd-4b56-ee6951351034/25UM1IM19577.rgb.jpg/300x300bb.jpg,https://music.apple.com/se/album/opalite/1833328839?i=1833328845,Taylor Swift
