date,scraped_at,country,chart_type,song_name,apple_music_id,rank,previous_rank,image_url,url,artist_name,album_name,duration_ms,release_date,isrc,content_rating,genre_names
2026-03-22,,,,The Fate of Ophelia,,21,,https://is1-ssl.mzstatic.com/image/thumb/Music211/v4/2d/46/e0/2d46e0bc-8ab9-85dd-4b56-ee6951351034/25UM1IM19577.rgb.jpg/64x64bb.jpg,,,,,,,,
2026-03-22,,,,Opalite,,33,,https://is1-ssl.mzstatic.com/image/thumb/Music211/v4/2d/46/e0/2d46e0bc-8ab9-85dd-4b56-ee6951351034/25UM1IM19577.rgb.jpg/64x64bb.jpg,,,,,,,,
2026-03-23,,,,The Fate of Ophelia,,23,21,https://is1-ssl.mzstatic.com/image/thumb/Music211/v4/2d/46/e0/2d46e0bc-8ab9-85dd-4b56-ee6951351034/25UM1IM19577.rgb.jpg/300x300bb.jpg,,,,,,,,
2026-03-23,,,,Opalite,,35,33,https://is1-ssl.mzstatic.com/image/thumb/Music211/v4/2d/46/e0/2d46e0bc-8ab9-85dd-4b56-ee6951351034/25UM1IM19577.rgb.jpg/300x300bb.jpg,,,,,,,,
2026-03-24,,,,The Fate of Ophelia,,23,23,https://is1-ssl.mzstatic.com/image/thumb/Music211/v4/2d/46/e0/2d46e0bc-8ab9-85dd-4b56-ee6951351034/25UM1IM19577.rgb.jpg/300x300bb.jpg,,,,,,,,
2026-03-24,,,,Opalite,,35,35,https://is1-ssl.mzstatic.com/image/thumb/Music211/v4/2d/46/e0/2d46e0bc-8ab9-85dd-4b56-ee6951351034/25UM1IM19577.rgb.jpg/300x300bb.jpg,,,,,,,,
2026-03-25,,,,The Fate of Ophelia,,23,23,https://is1-ssl.mzstatic.com/image/thumb/Music211/v4/2d/46/e0/2d46e0bc-8ab9-85dd-4b56-ee6951351034/25UM1IM19577.rgb.jpg/300x300bb.jpg,,,,,,,,
2026-03-25,,,,Opalite,,35,35,https://is1-ssl.mzstatic.com/image/thumb/Music211/v4/2d/46/e0/2d46e0bc-8ab9-85dd-4b56-ee6951351034/25UM1IM19577.rgb.jpg/300x300bb.jpg,,,,,,,,
2026-03-26,,,,The Fate of Ophelia,,20,23,https://is1-ssl.mzstatic.com/image/thumb/Music211/v4/2d/46/e0/2d46e0bc-8ab9-85dd-4b56-ee6951351034/25UM1IM19577.rgb.jpg/300x300bb.jpg,,,,,,,,
2026-03-26,,,,Opalite,,34,35,https://is1-ssl.mzstatic.com/image/thumb/Music211/v4/2d/46/e0/2d46e0bc-8ab9-85dd-4b56-ee6951351034/25UM1IM19577.rgb.jpg/300x300bb.jpg,,,,,,,,
2026-03-27,,fr,global,The Fate of Ophelia,1833328840,18,,https://is1-ssl.mzstatic.com/image/thumb/Music211/v4/2d/46/e0/2d46e0bc-8ab9-85dd-4b56-ee6951351034/25UM1IM19577.rgb.jpg/300x300bb.jpg,https://music.apple.com/fr/album/the-fate-of-ophelia/1833328839?i=1833328840,Taylor Swift,The Life of a Showgirl,,,,,
2026-03-27,,fr,global,Opalite,1833328845,33,,https://is1-ssl.mzstatic.com/image/thumb/Music211/v4/2d/46/e0/2d46e0bc-8ab9-85dd-4b56-ee6951351034/25UM1IM19577.rgb.jpg/300x300bb.jpg,https://music.apple.com/fr/album/opalite/1833328839?i=1833328845,Taylor Swift,The Life of a Showgirl,,,,,
2026-03-28,,fr,global,The Fate of Ophelia,1833328840,11,18,https://is1-ssl.mzstatic.com/image/thumb/Music211/v4/2d/46/e0/2d46e0bc-8ab9-85dd-4b56-ee6951351034/25UM1IM19577.rgb.jpg/300x300bb.jpg,https://music.apple.com/fr/album/the-fate-of-ophelia/1833328839?i=1833328840,Taylor Swift,The Life of a Showgirl,226074,2025-10-03,USUG12506436,,Pop | Musique
2026-03-28,,fr,global,Opalite,1833328845,30,33,https://is1-ssl.mzstatic.com/image/thumb/Music211/v4/2d/46/e0/2d46e0bc-8ab9-85dd-4b56-ee6951351034/25UM1IM19577.rgb.jpg/300x300bb.jpg,https://music.apple.com/fr/album/opalite/1833328839?i=1833328845,Taylor Swift,The Life of a Showgirl,235356,2025-10-03,USUG12506438,,Pop | Musique
2026-03-29,,fr,global,The Fate of Ophelia,1833328840,9,11,https://is1-ssl.mzstatic.com/image/thumb/Music211/v4/2d/46/e0/2d46e0bc-8ab9-85dd-4b56-ee6951351034/25UM1IM19577.rgb.jpg/300x300bb.jpg,https://music.apple.com/fr/album/the-fate-of-ophelia/1833328839?i=1833328840,Taylor Swift,The Life of a Showgirl,226074,2025-10-03,USUG12506436,,Pop | Musique
2026-03-29,,fr,global,Opalite,1833328845,28,30,https://is1-ssl.mzstatic.com/image/thumb/Music211/v4/2d/46/e0/2d46e0bc-8ab9-85dd-4b56-ee6951351034/25UM1IM19577.rgb.jpg/300x300bb.jpg,https://music.apple.com/fr/album/opalite/1833328839?i=1833328845,Taylor Swift,The Life of a Showgirl,235356,2025-10-03,USUG12506438,,Pop | Musique
2026-03-30,,fr,global,The Fate of Ophelia,1833328840,11,9,https://is1-ssl.mzstatic.com/image/thumb/Music211/v4/2d/46/e0/2d46e0bc-8ab9-85dd-4b56-ee6951351034/25UM1IM19577.rgb.jpg/300x300bb.jpg,https://music.apple.com/fr/album/the-fate-of-ophelia/1833328839?i=1833328840,Taylor Swift,The Life of a Showgirl,226074,2025-10-03,USUG12506436,,Pop | Musique
2026-03-30,,fr,global,Opalite,1833328845,35,28,https://is1-ssl.mzstatic.com/image/thumb/Music211/v4/2d/46/e0/2d46e0bc-8ab9-85dd-4b56-ee6951351034/25UM1IM19577.rgb.jpg/300x300bb.jpg,https://music.apple.com/fr/album/opalite/1833328839?i=1833328845,Taylor Swift,The Life of a Showgirl,235356,2025-10-03,USUG12506438,,Pop | Musique
2026-03-31,,fr,global,The Fate of Ophelia,1833328840,17,11,https://is1-ssl.mzstatic.com/image/thumb/Music211/v4/2d/46/e0/2d46e0bc-8ab9-85dd-4b56-ee6951351034/25UM1IM19577.rgb.jpg/300x300bb.jpg,https://music.apple.com/fr/album/the-fate-of-ophelia/1833328839?i=1833328840,Taylor Swift,The Life of a Showgirl,226074,2025-10-03,USUG12506436,,Pop | Musique
2026-03-31,,fr,global,Opalite,1833328845,42,35,https://is1-ssl.mzstatic.com/image/thumb/Music211/v4/2d/46/e0/2d46e0bc-8ab9-85dd-4b56-ee6951351034/25UM1IM19577.rgb.jpg/300x300bb.jpg,https://music.apple.com/fr/album/opalite/1833328839?i=1833328845,Taylor Swift,The Life of a Showgirl,235356,2025-10-03,USUG12506438,,Pop | Musique
2026-04-01,,fr,global,The Fate of Ophelia,1833328840,15,17,https://is1-ssl.mzstatic.com/image/thumb/Music211/v4/2d/46/e0/2d46e0bc-8ab9-85dd-4b56-ee6951351034/25UM1IM19577.rgb.jpg/300x300bb.jpg,https://music.apple.com/fr/album/the-fate-of-ophelia/1833328839?i=1833328840,Taylor Swift,The Life of a Showgirl,226074,2025-10-03,USUG12506436,,Pop | Musique
2026-04-01,,fr,global,Opalite,1833328845,36,42,https://is1-ssl.mzstatic.com/image/thumb/Music211/v4/2d/46/e0/2d46e0bc-8ab9-85dd-4b56-ee6951351034/25UM1IM19577.rgb.jpg/300x300bb.jpg,https://music.apple.com/fr/album/opalite/1833328839?i=1833328845,Taylor Swift,The Life of a Showgirl,235356,2025-10-03,USUG12506438,,Pop | Musique
2026-04-01,2026-04-01T12:50:09,fr,global,The Fate of Ophelia,1833328840,15,15,https://is1-ssl.mzstatic.com/image/thumb/Music211/v4/2d/46/e0/2d46e0bc-8ab9-85dd-4b56-ee6951351034/25UM1IM19577.rgb.jpg/300x300bb.jpg,https://music.apple.com/fr/album/the-fate-of-ophelia/1833328839?i=1833328840,Taylor Swift,The Life of a Showgirl,226074,2025-10-03,USUG12506436,,Pop | Musique
2026-04-01,2026-04-01T12:50:09,fr,global,Opalite,1833328845,36,36,https://is1-ssl.mzstatic.com/image/thumb/Music211/v4/2d/46/e0/2d46e0bc-8ab9-85dd-4b56-ee6951351034/25UM1IM19577.rgb.jpg/300x300bb.jpg,https://music.apple.com/fr/album/opalite/1833328839?i=1833328845,Taylor Swift,The Life of a Showgirl,235356,2025-10-03,USUG12506438,,Pop | Musique
2026-04-02,2026-04-02T12:25:05,fr,global,The Fate of Ophelia,1833328840,12,15,https://is1-ssl.mzstatic.com/image/thumb/Music211/v4/2d/46/e0/2d46e0bc-8ab9-85dd-4b56-ee6951351034/25UM1IM19577.rgb.jpg/300x300bb.jpg,https://music.apple.com/fr/album/the-fate-of-ophelia/1833328839?i=1833328840,Taylor Swift,The Life of a Showgirl,226074,2025-10-03,USUG12506436,,Pop | Musique
2026-04-02,2026-04-02T12:25:05,fr,global,Opalite,1833328845,31,36,https://is1-ssl.mzstatic.com/image/thumb/Music211/v4/2d/46/e0/2d46e0bc-8ab9-85dd-4b56-ee6951351034/25UM1IM19577.rgb.jpg/300x300bb.jpg,https://music.apple.com/fr/album/opalite/1833328839?i=1833328845,Taylor Swift,The Life of a Showgirl,235356,2025-10-03,USUG12506438,,Pop | Musique
2026-04-04,2026-04-04T14:12:03,fr,global,The Fate of Ophelia,1833328840,14,12,https://is1-ssl.mzstatic.com/image/thumb/Music211/v4/2d/46/e0/2d46e0bc-8ab9-85dd-4b56-ee6951351034/25UM1IM19577.rgb.jpg/300x300bb.jpg,https://music.apple.com/fr/album/the-fate-of-ophelia/1833328839?i=1833328840,Taylor Swift,The Life of a Showgirl,226074,2025-10-03,USUG12506436,,Pop | Musique
2026-04-04,2026-04-04T14:12:03,fr,global,Opalite,1833328845,28,31,https://is1-ssl.mzstatic.com/image/thumb/Music211/v4/2d/46/e0/2d46e0bc-8ab9-85dd-4b56-ee6951351034/25UM1IM19577.rgb.jpg/300x300bb.jpg,https://music.apple.com/fr/album/opalite/1833328839?i=1833328845,Taylor Swift,The Life of a Showgirl,235356,2025-10-03,USUG12506438,,Pop | Musique
2026-04-05,2026-04-05T14:03:51,fr,global,The Fate of Ophelia,1833328840,13,14,https://is1-ssl.mzstatic.com/image/thumb/Music211/v4/2d/46/e0/2d46e0bc-8ab9-85dd-4b56-ee6951351034/25UM1IM19577.rgb.jpg/300x300bb.jpg,https://music.apple.com/fr/album/the-fate-of-ophelia/1833328839?i=1833328840,Taylor Swift,The Life of a Showgirl,226074,2025-10-03,USUG12506436,,Pop | Musique
2026-04-05,2026-04-05T14:03:51,fr,global,Opalite,1833328845,27,28,https://is1-ssl.mzstatic.com/image/thumb/Music211/v4/2d/46/e0/2d46e0bc-8ab9-85dd-4b56-ee6951351034/25UM1IM19577.rgb.jpg/300x300bb.jpg,https://music.apple.com/fr/album/opalite/1833328839?i=1833328845,Taylor Swift,The Life of a Showgirl,235356,2025-10-03,USUG12506438,,Pop | Musique
2026-04-07,2026-04-07T01:12:32,fr,global,The Fate of Ophelia,1833328840,13,13,https://is1-ssl.mzstatic.com/image/thumb/Music211/v4/2d/46/e0/2d46e0bc-8ab9-85dd-4b56-ee6951351034/25UM1IM19577.rgb.jpg/300x300bb.jpg,https://music.apple.com/fr/album/the-fate-of-ophelia/1833328839?i=1833328840,Taylor Swift,The Life of a Showgirl,226074,2025-10-03,USUG12506436,,Pop | Musique
2026-04-07,2026-04-07T01:12:32,fr,global,Opalite,1833328845,28,27,https://is1-ssl.mzstatic.com/image/thumb/Music211/v4/2d/46/e0/2d46e0bc-8ab9-85dd-4b56-ee6951351034/25UM1IM19577.rgb.jpg/300x300bb.jpg,https://music.apple.com/fr/album/opalite/1833328839?i=1833328845,Taylor Swift,The Life of a Showgirl,235356,2025-10-03,USUG12506438,,Pop | Musique
2026-04-10,2026-04-10T14:22:44,fr,global,The Fate of Ophelia,1833328840,11,13,https://is1-ssl.mzstatic.com/image/thumb/Music211/v4/2d/46/e0/2d46e0bc-8ab9-85dd-4b56-ee6951351034/25UM1IM19577.rgb.jpg/300x300bb.jpg,https://music.apple.com/fr/album/the-fate-of-ophelia/1833328839?i=1833328840,Taylor Swift,The Life of a Showgirl,226074,2025-10-03,USUG12506436,,Pop | Musique
2026-04-10,2026-04-10T14:22:44,fr,global,Opalite,1833328845,28,28,https://is1-ssl.mzstatic.com/image/thumb/Music211/v4/2d/46/e0/2d46e0bc-8ab9-85dd-4b56-ee6951351034/25UM1IM19577.rgb.jpg/300x300bb.jpg,https://music.apple.com/fr/album/opalite/1833328839?i=1833328845,Taylor Swift,The Life of a Showgirl,235356,2025-10-03,USUG12506438,,Pop | Musique
2026-04-11,2026-04-11T14:02:29,fr,global,The Fate of Ophelia,1833328840,13,11,https://is1-ssl.mzstatic.com/image/thumb/Music211/v4/2d/46/e0/2d46e0bc-8ab9-85dd-4b56-ee6951351034/25UM1IM19577.rgb.jpg/300x300bb.jpg,https://music.apple.com/fr/album/the-fate-of-ophelia/1833328839?i=1833328840,Taylor Swift,The Life of a Showgirl,226074,2025-10-03,USUG12506436,,Pop | Musique
2026-04-11,2026-04-11T14:02:29,fr,global,Opalite,1833328845,32,28,https://is1-ssl.mzstatic.com/image/thumb/Music211/v4/2d/46/e0/2d46e0bc-8ab9-85dd-4b56-ee6951351034/25UM1IM19577.rgb.jpg/300x300bb.jpg,https://music.apple.com/fr/album/opalite/1833328839?i=1833328845,Taylor Swift,The Life of a Showgirl,235356,2025-10-03,USUG12506438,,Pop | Musique
2026-04-12,2026-04-12T14:00:01,fr,global,The Fate of Ophelia,1833328840,13,13,https://is1-ssl.mzstatic.com/image/thumb/Music211/v4/2d/46/e0/2d46e0bc-8ab9-85dd-4b56-ee6951351034/25UM1IM19577.rgb.jpg/300x300bb.jpg,https://music.apple.com/fr/album/the-fate-of-ophelia/1833328839?i=1833328840,Taylor Swift,The Life of a Showgirl,226074,2025-10-03,USUG12506436,,Pop | Musique
2026-04-12,2026-04-12T14:00:01,fr,global,Opalite,1833328845,35,32,https://is1-ssl.mzstatic.com/image/thumb/Music211/v4/2d/46/e0/2d46e0bc-8ab9-85dd-4b56-ee6951351034/25UM1IM19577.rgb.jpg/300x300bb.jpg,https://music.apple.com/fr/album/opalite/1833328839?i=1833328845,Taylor Swift,The Life of a Showgirl,235356,2025-10-03,USUG12506438,,Pop | Musique
2026-04-13,2026-04-13T14:00:01,fr,global,The Fate of Ophelia,1833328840,19,13,https://is1-ssl.mzstatic.com/image/thumb/Music211/v4/2d/46/e0/2d46e0bc-8ab9-85dd-4b56-ee6951351034/25UM1IM19577.rgb.jpg/300x300bb.jpg,https://music.apple.com/fr/album/the-fate-of-ophelia/1833328839?i=1833328840,Taylor Swift,The Life of a Showgirl,226074,2025-10-03,USUG12506436,,Pop | Musique
2026-04-13,2026-04-13T14:00:01,fr,global,Opalite,1833328845,40,35,https://is1-ssl.mzstatic.com/image/thumb/Music211/v4/2d/46/e0/2d46e0bc-8ab9-85dd-4b56-ee6951351034/25UM1IM19577.rgb.jpg/300x300bb.jpg,https://music.apple.com/fr/album/opalite/1833328839?i=1833328845,Taylor Swift,The Life of a Showgirl,235356,2025-10-03,USUG12506438,,Pop | Musique
2026-04-14,2026-04-14T14:00:01,fr,global,The Fate of Ophelia,1833328840,21,19,https://is1-ssl.mzstatic.com/image/thumb/Music211/v4/2d/46/e0/2d46e0bc-8ab9-85dd-4b56-ee6951351034/25UM1IM19577.rgb.jpg/300x300bb.jpg,https://music.apple.com/fr/album/the-fate-of-ophelia/1833328839?i=1833328840,Taylor Swift,The Life of a Showgirl,226074,2025-10-03,USUG12506436,,Pop | Musique
2026-04-14,2026-04-14T14:00:01,fr,global,Opalite,1833328845,47,40,https://is1-ssl.mzstatic.com/image/thumb/Music211/v4/2d/46/e0/2d46e0bc-8ab9-85dd-4b56-ee6951351034/25UM1IM19577.rgb.jpg/300x300bb.jpg,https://music.apple.com/fr/album/opalite/1833328839?i=1833328845,Taylor Swift,The Life of a Showgirl,235356,2025-10-03,USUG12506438,,Pop | Musique
2026-04-16,2026-04-16T02:00:02,fr,global,The Fate of Ophelia,1833328840,20,21,https://is1-ssl.mzstatic.com/image/thumb/Music211/v4/2d/46/e0/2d46e0bc-8ab9-85dd-4b56-ee6951351034/25UM1IM19577.rgb.jpg/300x300bb.jpg,https://music.apple.com/fr/album/the-fate-of-ophelia/1833328839?i=1833328840,Taylor Swift,The Life of a Showgirl,226074,2025-10-03,USUG12506436,,Pop | Musique
2026-04-16,2026-04-16T02:00:02,fr,global,Opalite,1833328845,44,47,https://is1-ssl.mzstatic.com/image/thumb/Music211/v4/2d/46/e0/2d46e0bc-8ab9-85dd-4b56-ee6951351034/25UM1IM19577.rgb.jpg/300x300bb.jpg,https://music.apple.com/fr/album/opalite/1833328839?i=1833328845,Taylor Swift,The Life of a Showgirl,235356,2025-10-03,USUG12506438,,Pop | Musique
2026-04-16,2026-04-16T14:00:02,fr,global,The Fate of Ophelia,1833328840,21,20,https://is1-ssl.mzstatic.com/image/thumb/Music211/v4/2d/46/e0/2d46e0bc-8ab9-85dd-4b56-ee6951351034/25UM1IM19577.rgb.jpg/300x300bb.jpg,https://music.apple.com/fr/album/the-fate-of-ophelia/1833328839?i=1833328840,Taylor Swift,The Life of a Showgirl,226074,2025-10-03,USUG12506436,,Pop | Musique
2026-04-16,2026-04-16T14:00:02,fr,global,Opalite,1833328845,42,44,https://is1-ssl.mzstatic.com/image/thumb/Music211/v4/2d/46/e0/2d46e0bc-8ab9-85dd-4b56-ee6951351034/25UM1IM19577.rgb.jpg/300x300bb.jpg,https://music.apple.com/fr/album/opalite/1833328839?i=1833328845,Taylor Swift,The Life of a Showgirl,235356,2025-10-03,USUG12506438,,Pop | Musique
2026-04-17,2026-04-17T14:00:02,fr,global,The Fate of Ophelia,1833328840,20,21,https://is1-ssl.mzstatic.com/image/thumb/Music211/v4/2d/46/e0/2d46e0bc-8ab9-85dd-4b56-ee6951351034/25UM1IM19577.rgb.jpg/300x300bb.jpg,https://music.apple.com/fr/album/the-fate-of-ophelia/1833328839?i=1833328840,Taylor Swift,The Life of a Showgirl,226074,2025-10-03,USUG12506436,,Pop | Musique
2026-04-17,2026-04-17T14:00:02,fr,global,Opalite,1833328845,41,42,https://is1-ssl.mzstatic.com/image/thumb/Music211/v4/2d/46/e0/2d46e0bc-8ab9-85dd-4b56-ee6951351034/25UM1IM19577.rgb.jpg/300x300bb.jpg,https://music.apple.com/fr/album/opalite/1833328839?i=1833328845,Taylor Swift,The Life of a Showgirl,235356,2025-10-03,USUG12506438,,Pop | Musique
2026-04-18,2026-04-18T19:00:02,fr,global,The Fate of Ophelia,1833328840,20,20,https://is1-ssl.mzstatic.com/image/thumb/Music211/v4/2d/46/e0/2d46e0bc-8ab9-85dd-4b56-ee6951351034/25UM1IM19577.rgb.jpg/300x300bb.jpg,https://music.apple.com/fr/album/the-fate-of-ophelia/1833328839?i=1833328840,Taylor Swift,The Life of a Showgirl,226074,2025-10-03,USUG12506436,,Pop | Musique
2026-04-18,2026-04-18T19:00:02,fr,global,Opalite,1833328845,49,41,https://is1-ssl.mzstatic.com/image/thumb/Music211/v4/2d/46/e0/2d46e0bc-8ab9-85dd-4b56-ee6951351034/25UM1IM19577.rgb.jpg/300x300bb.jpg,https://music.apple.com/fr/album/opalite/1833328839?i=1833328845,Taylor Swift,The Life of a Showgirl,235356,2025-10-03,USUG12506438,,Pop | Musique
2026-04-19,2026-04-19T19:00:02,fr,global,The Fate of Ophelia,1833328840,20,20,https://is1-ssl.mzstatic.com/image/thumb/Music211/v4/2d/46/e0/2d46e0bc-8ab9-85dd-4b56-ee6951351034/25UM1IM19577.rgb.jpg/300x300bb.jpg,https://music.apple.com/fr/album/the-fate-of-ophelia/1833328839?i=1833328840,Taylor Swift,The Life of a Showgirl,226074,2025-10-03,USUG12506436,,Pop | Musique
2026-04-19,2026-04-19T19:00:02,fr,global,Opalite,1833328845,48,49,https://is1-ssl.mzstatic.com/image/thumb/Music211/v4/2d/46/e0/2d46e0bc-8ab9-85dd-4b56-ee6951351034/25UM1IM19577.rgb.jpg/300x300bb.jpg,https://music.apple.com/fr/album/opalite/1833328839?i=1833328845,Taylor Swift,The Life of a Showgirl,235356,2025-10-03,USUG12506438,,Pop | Musique
2026-04-20,2026-04-20T19:00:02,fr,global,The Fate of Ophelia,1833328840,20,20,https://is1-ssl.mzstatic.com/image/thumb/Music211/v4/2d/46/e0/2d46e0bc-8ab9-85dd-4b56-ee6951351034/25UM1IM19577.rgb.jpg/300x300bb.jpg,https://music.apple.com/fr/album/the-fate-of-ophelia/1833328839?i=1833328840,Taylor Swift,The Life of a Showgirl,226074,2025-10-03,USUG12506436,,Pop | Musique
2026-04-20,2026-04-20T19:00:02,fr,global,Opalite,1833328845,49,48,https://is1-ssl.mzstatic.com/image/thumb/Music211/v4/2d/46/e0/2d46e0bc-8ab9-85dd-4b56-ee6951351034/25UM1IM19577.rgb.jpg/300x300bb.jpg,https://music.apple.com/fr/album/opalite/1833328839?i=1833328845,Taylor Swift,The Life of a Showgirl,235356,2025-10-03,USUG12506438,,Pop | Musique
2026-04-21,2026-04-21T19:00:02,fr,global,The Fate of Ophelia,1833328840,23,20,https://is1-ssl.mzstatic.com/image/thumb/Music211/v4/2d/46/e0/2d46e0bc-8ab9-85dd-4b56-ee6951351034/25UM1IM19577.rgb.jpg/300x300bb.jpg,https://music.apple.com/fr/album/the-fate-of-ophelia/1833328839?i=1833328840,Taylor Swift,The Life of a Showgirl,226074,2025-10-03,USUG12506436,,Pop | Musique
2026-04-21,2026-04-21T19:00:02,fr,global,Opalite,1833328845,46,49,https://is1-ssl.mzstatic.com/image/thumb/Music211/v4/2d/46/e0/2d46e0bc-8ab9-85dd-4b56-ee6951351034/25UM1IM19577.rgb.jpg/300x300bb.jpg,https://music.apple.com/fr/album/opalite/1833328839?i=1833328845,Taylor Swift,The Life of a Showgirl,235356,2025-10-03,USUG12506438,,Pop | Musique
2026-04-22,2026-04-22T19:00:02,fr,global,The Fate of Ophelia,1833328840,21,23,https://is1-ssl.mzstatic.com/image/thumb/Music211/v4/2d/46/e0/2d46e0bc-8ab9-85dd-4b56-ee6951351034/25UM1IM19577.rgb.jpg/300x300bb.jpg,https://music.apple.com/fr/album/the-fate-of-ophelia/1833328839?i=1833328840,Taylor Swift,The Life of a Showgirl,226074,2025-10-03,USUG12506436,,Pop | Musique
2026-04-22,2026-04-22T19:00:02,fr,global,Opalite,1833328845,49,46,https://is1-ssl.mzstatic.com/image/thumb/Music211/v4/2d/46/e0/2d46e0bc-8ab9-85dd-4b56-ee6951351034/25UM1IM19577.rgb.jpg/300x300bb.jpg,https://music.apple.com/fr/album/opalite/1833328839?i=1833328845,Taylor Swift,The Life of a Showgirl,235356,2025-10-03,USUG12506438,,Pop | Musique
2026-04-23,2026-04-23T19:00:02,fr,global,The Fate of Ophelia,1833328840,19,21,https://is1-ssl.mzstatic.com/image/thumb/Music211/v4/2d/46/e0/2d46e0bc-8ab9-85dd-4b56-ee6951351034/25UM1IM19577.rgb.jpg/300x300bb.jpg,https://music.apple.com/fr/album/the-fate-of-ophelia/1833328839?i=1833328840,Taylor Swift,The Life of a Showgirl,226074,2025-10-03,USUG12506436,,Pop | Musique
2026-04-23,2026-04-23T19:00:02,fr,global,Opalite,1833328845,49,49,https://is1-ssl.mzstatic.com/image/thumb/Music211/v4/2d/46/e0/2d46e0bc-8ab9-85dd-4b56-ee6951351034/25UM1IM19577.rgb.jpg/300x300bb.jpg,https://music.apple.com/fr/album/opalite/1833328839?i=1833328845,Taylor Swift,The Life of a Showgirl,235356,2025-10-03,USUG12506438,,Pop | Musique
2026-04-24,2026-04-24T19:00:02,fr,global,The Fate of Ophelia,1833328840,16,19,https://is1-ssl.mzstatic.com/image/thumb/Music211/v4/2d/46/e0/2d46e0bc-8ab9-85dd-4b56-ee6951351034/25UM1IM19577.rgb.jpg/300x300bb.jpg,https://music.apple.com/fr/album/the-fate-of-ophelia/1833328839?i=1833328840,Taylor Swift,The Life of a Showgirl,226074,2025-10-03,USUG12506436,,Pop | Musique
2026-04-24,2026-04-24T19:00:02,fr,global,Opalite,1833328845,44,49,https://is1-ssl.mzstatic.com/image/thumb/Music211/v4/2d/46/e0/2d46e0bc-8ab9-85dd-4b56-ee6951351034/25UM1IM19577.rgb.jpg/300x300bb.jpg,https://music.apple.com/fr/album/opalite/1833328839?i=1833328845,Taylor Swift,The Life of a Showgirl,235356,2025-10-03,USUG12506438,,Pop | Musique
2026-04-25,2026-04-25T19:00:02,fr,global,The Fate of Ophelia,1833328840,27,16,https://is1-ssl.mzstatic.com/image/thumb/Music211/v4/2d/46/e0/2d46e0bc-8ab9-85dd-4b56-ee6951351034/25UM1IM19577.rgb.jpg/300x300bb.jpg,https://music.apple.com/fr/album/the-fate-of-ophelia/1833328839?i=1833328840,Taylor Swift,The Life of a Showgirl,226074,2025-10-03,USUG12506436,,Pop | Musique
2026-04-25,2026-04-25T19:00:02,fr,global,Opalite,1833328845,68,44,https://is1-ssl.mzstatic.com/image/thumb/Music211/v4/2d/46/e0/2d46e0bc-8ab9-85dd-4b56-ee6951351034/25UM1IM19577.rgb.jpg/300x300bb.jpg,https://music.apple.com/fr/album/opalite/1833328839?i=1833328845,Taylor Swift,The Life of a Showgirl,235356,2025-10-03,USUG12506438,,Pop | Musique
2026-04-26,2026-04-26T19:00:02,fr,global,The Fate of Ophelia,1833328840,25,27,https://is1-ssl.mzstatic.com/image/thumb/Music211/v4/2d/46/e0/2d46e0bc-8ab9-85dd-4b56-ee6951351034/25UM1IM19577.rgb.jpg/300x300bb.jpg,https://music.apple.com/fr/album/the-fate-of-ophelia/1833328839?i=1833328840,Taylor Swift,The Life of a Showgirl,226074,2025-10-03,USUG12506436,,Pop | Musique
2026-04-26,2026-04-26T19:00:02,fr,global,Opalite,1833328845,63,68,https://is1-ssl.mzstatic.com/image/thumb/Music211/v4/2d/46/e0/2d46e0bc-8ab9-85dd-4b56-ee6951351034/25UM1IM19577.rgb.jpg/300x300bb.jpg,https://music.apple.com/fr/album/opalite/1833328839?i=1833328845,Taylor Swift,The Life of a Showgirl,235356,2025-10-03,USUG12506438,,Pop | Musique
2026-04-29,2026-04-29T02:12:03,fr,global,The Fate of Ophelia,1833328840,28,25,https://is1-ssl.mzstatic.com/image/thumb/Music211/v4/2d/46/e0/2d46e0bc-8ab9-85dd-4b56-ee6951351034/25UM1IM19577.rgb.jpg/300x300bb.jpg,https://music.apple.com/fr/album/the-fate-of-ophelia/1833328839?i=1833328840,Taylor Swift,The Life of a Showgirl,226074,2025-10-03,USUG12506436,,Pop | Musique
2026-04-29,2026-04-29T02:12:03,fr,global,Opalite,1833328845,71,63,https://is1-ssl.mzstatic.com/image/thumb/Music211/v4/2d/46/e0/2d46e0bc-8ab9-85dd-4b56-ee6951351034/25UM1IM19577.rgb.jpg/300x300bb.jpg,https://music.apple.com/fr/album/opalite/1833328839?i=1833328845,Taylor Swift,The Life of a Showgirl,235356,2025-10-03,USUG12506438,,Pop | Musique
2026-04-29,2026-04-29T19:00:02,fr,global,The Fate of Ophelia,1833328840,25,28,https://is1-ssl.mzstatic.com/image/thumb/Music211/v4/2d/46/e0/2d46e0bc-8ab9-85dd-4b56-ee6951351034/25UM1IM19577.rgb.jpg/300x300bb.jpg,https://music.apple.com/fr/album/the-fate-of-ophelia/1833328839?i=1833328840,Taylor Swift,The Life of a Showgirl,226074,2025-10-03,USUG12506436,,Pop | Musique
2026-04-29,2026-04-29T19:00:02,fr,global,Opalite,1833328845,68,71,https://is1-ssl.mzstatic.com/image/thumb/Music211/v4/2d/46/e0/2d46e0bc-8ab9-85dd-4b56-ee6951351034/25UM1IM19577.rgb.jpg/300x300bb.jpg,https://music.apple.com/fr/album/opalite/1833328839?i=1833328845,Taylor Swift,The Life of a Showgirl,235356,2025-10-03,USUG12506438,,Pop | Musique
2026-04-30,2026-04-30T18:41:33,fr,global,The Fate of Ophelia,1833328840,24,25,https://is1-ssl.mzstatic.com/image/thumb/Music211/v4/2d/46/e0/2d46e0bc-8ab9-85dd-4b56-ee6951351034/25UM1IM19577.rgb.jpg/300x300bb.jpg,https://music.apple.com/fr/album/the-fate-of-ophelia/1833328839?i=1833328840,Taylor Swift,The Life of a Showgirl,226074,2025-10-03,USUG12506436,,Pop | Musique
2026-04-30,2026-04-30T18:41:33,fr,global,Opalite,1833328845,65,68,https://is1-ssl.mzstatic.com/image/thumb/Music211/v4/2d/46/e0/2d46e0bc-8ab9-85dd-4b56-ee6951351034/25UM1IM19577.rgb.jpg/300x300bb.jpg,https://music.apple.com/fr/album/opalite/1833328839?i=1833328845,Taylor Swift,The Life of a Showgirl,235356,2025-10-03,USUG12506438,,Pop | Musique
2026-05-03,2026-05-03T16:43:48,fr,global,The Fate of Ophelia,1833328840,21,24,https://is1-ssl.mzstatic.com/image/thumb/Music211/v4/2d/46/e0/2d46e0bc-8ab9-85dd-4b56-ee6951351034/25UM1IM19577.rgb.jpg/300x300bb.jpg,https://music.apple.com/fr/album/the-fate-of-ophelia/1833328839?i=1833328840,Taylor Swift,The Life of a Showgirl,226074,2025-10-03,USUG12506436,,Pop | Musique
2026-05-03,2026-05-03T16:43:48,fr,global,Opalite,1833328845,63,65,https://is1-ssl.mzstatic.com/image/thumb/Music211/v4/2d/46/e0/2d46e0bc-8ab9-85dd-4b56-ee6951351034/25UM1IM19577.rgb.jpg/300x300bb.jpg,https://music.apple.com/fr/album/opalite/1833328839?i=1833328845,Taylor Swift,The Life of a Showgirl,235356,2025-10-03,USUG12506438,,Pop | Musique
2026-05-04,2026-05-04T19:00:01,fr,global,The Fate of Ophelia,1833328840,24,21,https://is1-ssl.mzstatic.com/image/thumb/Music211/v4/2d/46/e0/2d46e0bc-8ab9-85dd-4b56-ee6951351034/25UM1IM19577.rgb.jpg/300x300bb.jpg,https://music.apple.com/fr/album/the-fate-of-ophelia/1833328839?i=1833328840,Taylor Swift,The Life of a Showgirl,226074,2025-10-03,USUG12506436,,Pop | Musique
2026-05-04,2026-05-04T19:00:01,fr,global,Opalite,1833328845,67,63,https://is1-ssl.mzstatic.com/image/thumb/Music211/v4/2d/46/e0/2d46e0bc-8ab9-85dd-4b56-ee6951351034/25UM1IM19577.rgb.jpg/300x300bb.jpg,https://music.apple.com/fr/album/opalite/1833328839?i=1833328845,Taylor Swift,The Life of a Showgirl,235356,2025-10-03,USUG12506438,,Pop | Musique
2026-05-06,2026-05-06T19:00:01,fr,global,The Fate of Ophelia,1833328840,26,24,https://is1-ssl.mzstatic.com/image/thumb/Music211/v4/2d/46/e0/2d46e0bc-8ab9-85dd-4b56-ee6951351034/25UM1IM19577.rgb.jpg/300x300bb.jpg,https://music.apple.com/fr/album/the-fate-of-ophelia/1833328839?i=1833328840,Taylor Swift,The Life of a Showgirl,226074,2025-10-03,USUG12506436,,Pop | Musique
2026-05-06,2026-05-06T19:00:01,fr,global,Opalite,1833328845,69,67,https://is1-ssl.mzstatic.com/image/thumb/Music211/v4/2d/46/e0/2d46e0bc-8ab9-85dd-4b56-ee6951351034/25UM1IM19577.rgb.jpg/300x300bb.jpg,https://music.apple.com/fr/album/opalite/1833328839?i=1833328845,Taylor Swift,The Life of a Showgirl,235356,2025-10-03,USUG12506438,,Pop | Musique
2026-05-07,2026-05-07T19:00:02,fr,global,The Fate of Ophelia,1833328840,25,26,https://is1-ssl.mzstatic.com/image/thumb/Music211/v4/2d/46/e0/2d46e0bc-8ab9-85dd-4b56-ee6951351034/25UM1IM19577.rgb.jpg/300x300bb.jpg,https://music.apple.com/fr/album/the-fate-of-ophelia/1833328839?i=1833328840,Taylor Swift,The Life of a Showgirl,226074,2025-10-03,USUG12506436,,Pop | Musique
2026-05-07,2026-05-07T19:00:02,fr,global,Opalite,1833328845,62,69,https://is1-ssl.mzstatic.com/image/thumb/Music211/v4/2d/46/e0/2d46e0bc-8ab9-85dd-4b56-ee6951351034/25UM1IM19577.rgb.jpg/300x300bb.jpg,https://music.apple.com/fr/album/opalite/1833328839?i=1833328845,Taylor Swift,The Life of a Showgirl,235356,2025-10-03,USUG12506438,,Pop | Musique
2026-05-08,2026-05-08T19:00:02,fr,global,The Fate of Ophelia,1833328840,21,25,https://is1-ssl.mzstatic.com/image/thumb/Music211/v4/2d/46/e0/2d46e0bc-8ab9-85dd-4b56-ee6951351034/25UM1IM19577.rgb.jpg/300x300bb.jpg,https://music.apple.com/fr/album/the-fate-of-ophelia/1833328839?i=1833328840,Taylor Swift,The Life of a Showgirl,226074,2025-10-03,USUG12506436,,Pop | Musique
2026-05-08,2026-05-08T19:00:02,fr,global,Opalite,1833328845,66,62,https://is1-ssl.mzstatic.com/image/thumb/Music211/v4/2d/46/e0/2d46e0bc-8ab9-85dd-4b56-ee6951351034/25UM1IM19577.rgb.jpg/300x300bb.jpg,https://music.apple.com/fr/album/opalite/1833328839?i=1833328845,Taylor Swift,The Life of a Showgirl,235356,2025-10-03,USUG12506438,,Pop | Musique
2026-05-10,2026-05-10T19:00:01,fr,global,The Fate of Ophelia,1833328840,20,21,https://is1-ssl.mzstatic.com/image/thumb/Music211/v4/2d/46/e0/2d46e0bc-8ab9-85dd-4b56-ee6951351034/25UM1IM19577.rgb.jpg/300x300bb.jpg,https://music.apple.com/fr/album/the-fate-of-ophelia/1833328839?i=1833328840,Taylor Swift,The Life of a Showgirl,226074,2025-10-03,USUG12506436,,Pop | Musique
2026-05-10,2026-05-10T19:00:01,fr,global,Opalite,1833328845,69,66,https://is1-ssl.mzstatic.com/image/thumb/Music211/v4/2d/46/e0/2d46e0bc-8ab9-85dd-4b56-ee6951351034/25UM1IM19577.rgb.jpg/300x300bb.jpg,https://music.apple.com/fr/album/opalite/1833328839?i=1833328845,Taylor Swift,The Life of a Showgirl,235356,2025-10-03,USUG12506438,,Pop | Musique
2026-05-11,2026-05-11T19:00:02,fr,global,The Fate of Ophelia,1833328840,24,20,https://is1-ssl.mzstatic.com/image/thumb/Music211/v4/2d/46/e0/2d46e0bc-8ab9-85dd-4b56-ee6951351034/25UM1IM19577.rgb.jpg/300x300bb.jpg,https://music.apple.com/fr/album/the-fate-of-ophelia/1833328839?i=1833328840,Taylor Swift,The Life of a Showgirl,226074,2025-10-03,USUG12506436,,Pop | Musique
2026-05-11,2026-05-11T19:00:02,fr,global,Opalite,1833328845,67,69,https://is1-ssl.mzstatic.com/image/thumb/Music211/v4/2d/46/e0/2d46e0bc-8ab9-85dd-4b56-ee6951351034/25UM1IM19577.rgb.jpg/300x300bb.jpg,https://music.apple.com/fr/album/opalite/1833328839?i=1833328845,Taylor Swift,The Life of a Showgirl,235356,2025-10-03,USUG12506438,,Pop | Musique
